source_index,label,page,declared_pages,source_path,source_sha256,topic,latest_manifest_status,latest_model,md_path,md_exists,md_chars,png_exists,raw_text_chars,raw_text_sha256,block_marker_count,record_state
1,ppt3-discrete-prob-dist,1,28,/home/liebert511/PS/PPT 3 SnP LMS.pdf,9cc7f631c99f5afd171767ad47ab653ef1e5033e85ccdf1b8a643f27cfae1dea,"Discrete probability distributions, binomial",ok,xiaomi/mimo-v2.5,md/ppt3-discrete-prob-dist/p001.md,true,74,false,76,2ccc6c0414e76f4c339f39242b2bf0220aed3338e0758113bdea385e5d57069b,0,converted
1,ppt3-discrete-prob-dist,2,28,/home/liebert511/PS/PPT 3 SnP LMS.pdf,9cc7f631c99f5afd171767ad47ab653ef1e5033e85ccdf1b8a643f27cfae1dea,"Discrete probability distributions, binomial",ok,xiaomi/mimo-v2.5,md/ppt3-discrete-prob-dist/p002.md,true,60,false,59,bce6530cb51f0420c5ec38ab8cb7c394dc9a02964dcf476f6dec05b64b215850,0,converted
1,ppt3-discrete-prob-dist,3,28,/home/liebert511/PS/PPT 3 SnP LMS.pdf,9cc7f631c99f5afd171767ad47ab653ef1e5033e85ccdf1b8a643f27cfae1dea,"Discrete probability distributions, binomial",ok,xiaomi/mimo-v2.5,md/ppt3-discrete-prob-dist/p003.md,true,283,false,155,2a2880c09e6236a072ca73126bfc3633aa5f4894e274adc86365d27f74dc88b7,0,converted
1,ppt3-discrete-prob-dist,4,28,/home/liebert511/PS/PPT 3 SnP LMS.pdf,9cc7f631c99f5afd171767ad47ab653ef1e5033e85ccdf1b8a643f27cfae1dea,"Discrete probability distributions, binomial",ok,xiaomi/mimo-v2.5,md/ppt3-discrete-prob-dist/p004.md,true,391,false,362,e6cf0c25d27dc49f62fe2808d943d09df1e5514457be4b3c5a5f6f2e60d62204,0,converted
1,ppt3-discrete-prob-dist,5,28,/home/liebert511/PS/PPT 3 SnP LMS.pdf,9cc7f631c99f5afd171767ad47ab653ef1e5033e85ccdf1b8a643f27cfae1dea,"Discrete probability distributions, binomial",ok,xiaomi/mimo-v2.5,md/ppt3-discrete-prob-dist/p005.md,true,358,false,369,d98ff3bc1af84e0c6a6b231f8d860ad011d7c94a1b50f11bf3504bd97fa5e2b2,0,converted
1,ppt3-discrete-prob-dist,6,28,/home/liebert511/PS/PPT 3 SnP LMS.pdf,9cc7f631c99f5afd171767ad47ab653ef1e5033e85ccdf1b8a643f27cfae1dea,"Discrete probability distributions, binomial",ok,xiaomi/mimo-v2.5,md/ppt3-discrete-prob-dist/p006.md,true,862,false,929,d3657e36aaa64b74470f0e1c13cf5ae8e8ab8f99ea7ed927a059fd50f8c7b015,0,converted
1,ppt3-discrete-prob-dist,7,28,/home/liebert511/PS/PPT 3 SnP LMS.pdf,9cc7f631c99f5afd171767ad47ab653ef1e5033e85ccdf1b8a643f27cfae1dea,"Discrete probability distributions, binomial",ok,xiaomi/mimo-v2.5,md/ppt3-discrete-prob-dist/p007.md,true,153,false,88,181caf4edb8cb5dae3bf3c7be82e59dfb655159c1ffcd13f775ee4f61087bd12,0,converted
1,ppt3-discrete-prob-dist,8,28,/home/liebert511/PS/PPT 3 SnP LMS.pdf,9cc7f631c99f5afd171767ad47ab653ef1e5033e85ccdf1b8a643f27cfae1dea,"Discrete probability distributions, binomial",ok,xiaomi/mimo-v2.5,md/ppt3-discrete-prob-dist/p008.md,true,373,false,364,27486c1d27a623d9e2d5a807f2ca755fc000cd6f6a4f7c237ce08a3f1e264b15,0,converted
1,ppt3-discrete-prob-dist,9,28,/home/liebert511/PS/PPT 3 SnP LMS.pdf,9cc7f631c99f5afd171767ad47ab653ef1e5033e85ccdf1b8a643f27cfae1dea,"Discrete probability distributions, binomial",ok,xiaomi/mimo-v2.5,md/ppt3-discrete-prob-dist/p009.md,true,316,false,313,b8f6d2cb7bdfae588893cfa3cafaddd6f9b220fdbbe7298db68d505aa30daa26,0,converted
1,ppt3-discrete-prob-dist,10,28,/home/liebert511/PS/PPT 3 SnP LMS.pdf,9cc7f631c99f5afd171767ad47ab653ef1e5033e85ccdf1b8a643f27cfae1dea,"Discrete probability distributions, binomial",ok,xiaomi/mimo-v2.5,md/ppt3-discrete-prob-dist/p010.md,true,351,false,324,63c1b918868042ffad796d18f81f7deef178cdfcd9dbef0a5224b17de2e6dfad,0,converted
1,ppt3-discrete-prob-dist,11,28,/home/liebert511/PS/PPT 3 SnP LMS.pdf,9cc7f631c99f5afd171767ad47ab653ef1e5033e85ccdf1b8a643f27cfae1dea,"Discrete probability distributions, binomial",ok,xiaomi/mimo-v2.5,md/ppt3-discrete-prob-dist/p011.md,true,366,false,368,2bf5c69bf4e6d2a31cf8d8ba22b10e03307f14da85b5076c4136f0f51c00711a,0,converted
1,ppt3-discrete-prob-dist,12,28,/home/liebert511/PS/PPT 3 SnP LMS.pdf,9cc7f631c99f5afd171767ad47ab653ef1e5033e85ccdf1b8a643f27cfae1dea,"Discrete probability distributions, binomial",ok,xiaomi/mimo-v2.5,md/ppt3-discrete-prob-dist/p012.md,true,82,false,75,6e89f272e75a49f029a3cf542d434839a6e3210369ad9b5d9cce1ed98da919eb,0,converted
1,ppt3-discrete-prob-dist,13,28,/home/liebert511/PS/PPT 3 SnP LMS.pdf,9cc7f631c99f5afd171767ad47ab653ef1e5033e85ccdf1b8a643f27cfae1dea,"Discrete probability distributions, binomial",ok,xiaomi/mimo-v2.5,md/ppt3-discrete-prob-dist/p013.md,true,516,false,870,8bfc67341673ae058b1df100ef29d8d9249b998d422504997a86794a4322be18,1,converted
1,ppt3-discrete-prob-dist,14,28,/home/liebert511/PS/PPT 3 SnP LMS.pdf,9cc7f631c99f5afd171767ad47ab653ef1e5033e85ccdf1b8a643f27cfae1dea,"Discrete probability distributions, binomial",ok,xiaomi/mimo-v2.5,md/ppt3-discrete-prob-dist/p014.md,true,413,false,648,c1573c52daac2393a096044f1a793190a5694964072ba0c36c1aa00e29df4622,0,converted
1,ppt3-discrete-prob-dist,15,28,/home/liebert511/PS/PPT 3 SnP LMS.pdf,9cc7f631c99f5afd171767ad47ab653ef1e5033e85ccdf1b8a643f27cfae1dea,"Discrete probability distributions, binomial",ok,xiaomi/mimo-v2.5,md/ppt3-discrete-prob-dist/p015.md,true,498,false,783,476c9620f3ce26c9b513f9a613b71fec684f1eed24425d8ef3e30eefc6c0f220,0,converted
1,ppt3-discrete-prob-dist,16,28,/home/liebert511/PS/PPT 3 SnP LMS.pdf,9cc7f631c99f5afd171767ad47ab653ef1e5033e85ccdf1b8a643f27cfae1dea,"Discrete probability distributions, binomial",ok,xiaomi/mimo-v2.5,md/ppt3-discrete-prob-dist/p016.md,true,330,false,742,2444431ca6c79a518d5a0346ce2e9a5503d527d008f3d442f2b3f23cb647846b,0,converted
1,ppt3-discrete-prob-dist,17,28,/home/liebert511/PS/PPT 3 SnP LMS.pdf,9cc7f631c99f5afd171767ad47ab653ef1e5033e85ccdf1b8a643f27cfae1dea,"Discrete probability distributions, binomial",ok,xiaomi/mimo-v2.5,md/ppt3-discrete-prob-dist/p017.md,true,717,false,806,02db8959fe3676a07364335879e065e2dc8034153763267a62e20d3cb9e8c367,2,converted
1,ppt3-discrete-prob-dist,18,28,/home/liebert511/PS/PPT 3 SnP LMS.pdf,9cc7f631c99f5afd171767ad47ab653ef1e5033e85ccdf1b8a643f27cfae1dea,"Discrete probability distributions, binomial",ok,xiaomi/mimo-v2.5,md/ppt3-discrete-prob-dist/p018.md,true,654,false,1102,5c4a15cc94fdf4dceed8c64ba732b09721e321b5ceb1b19baf793c25ab645eea,1,converted
1,ppt3-discrete-prob-dist,19,28,/home/liebert511/PS/PPT 3 SnP LMS.pdf,9cc7f631c99f5afd171767ad47ab653ef1e5033e85ccdf1b8a643f27cfae1dea,"Discrete probability distributions, binomial",ok,xiaomi/mimo-v2.5,md/ppt3-discrete-prob-dist/p019.md,true,58,false,58,d9d44b0764f34697cdc5901261c8bd2cd4b75cecea78e3ac2e5f18b1cb15e5b5,0,converted
1,ppt3-discrete-prob-dist,20,28,/home/liebert511/PS/PPT 3 SnP LMS.pdf,9cc7f631c99f5afd171767ad47ab653ef1e5033e85ccdf1b8a643f27cfae1dea,"Discrete probability distributions, binomial",ok,xiaomi/mimo-v2.5,md/ppt3-discrete-prob-dist/p020.md,true,159,false,145,d60642eb509abcf380e708b36702646a1f4d5d69bdf4dd1978864360b783e02a,0,converted
1,ppt3-discrete-prob-dist,21,28,/home/liebert511/PS/PPT 3 SnP LMS.pdf,9cc7f631c99f5afd171767ad47ab653ef1e5033e85ccdf1b8a643f27cfae1dea,"Discrete probability distributions, binomial",ok,xiaomi/mimo-v2.5,md/ppt3-discrete-prob-dist/p021.md,true,545,false,547,13637af0e1d0b4e4cdf98539b618c8141a63c7ebe879f627149f910ebda3cbfa,0,converted
1,ppt3-discrete-prob-dist,22,28,/home/liebert511/PS/PPT 3 SnP LMS.pdf,9cc7f631c99f5afd171767ad47ab653ef1e5033e85ccdf1b8a643f27cfae1dea,"Discrete probability distributions, binomial",ok,xiaomi/mimo-v2.5,md/ppt3-discrete-prob-dist/p022.md,true,412,false,453,634422761e1dfa1208b91973d3a3e89543a52e9aa1361e125b462143e57424a0,0,converted
1,ppt3-discrete-prob-dist,23,28,/home/liebert511/PS/PPT 3 SnP LMS.pdf,9cc7f631c99f5afd171767ad47ab653ef1e5033e85ccdf1b8a643f27cfae1dea,"Discrete probability distributions, binomial",ok,xiaomi/mimo-v2.5,md/ppt3-discrete-prob-dist/p023.md,true,484,false,496,15602574d1276303930c30e4dda8490dd001d2852c54222fe26ceb4412e740dd,0,converted
1,ppt3-discrete-prob-dist,24,28,/home/liebert511/PS/PPT 3 SnP LMS.pdf,9cc7f631c99f5afd171767ad47ab653ef1e5033e85ccdf1b8a643f27cfae1dea,"Discrete probability distributions, binomial",ok,xiaomi/mimo-v2.5,md/ppt3-discrete-prob-dist/p024.md,true,108,false,81,2b6ad749222f3f4a363e71574c0b9d5c219d2e4be907f014f7b99b223849c3dd,0,converted
1,ppt3-discrete-prob-dist,25,28,/home/liebert511/PS/PPT 3 SnP LMS.pdf,9cc7f631c99f5afd171767ad47ab653ef1e5033e85ccdf1b8a643f27cfae1dea,"Discrete probability distributions, binomial",ok,xiaomi/mimo-v2.5,md/ppt3-discrete-prob-dist/p025.md,true,694,false,626,ce4e50626bc597c8fa40b81cf6cdae4616c942b4e3b898db5a40b96caa22355e,1,converted
1,ppt3-discrete-prob-dist,26,28,/home/liebert511/PS/PPT 3 SnP LMS.pdf,9cc7f631c99f5afd171767ad47ab653ef1e5033e85ccdf1b8a643f27cfae1dea,"Discrete probability distributions, binomial",ok,xiaomi/mimo-v2.5,md/ppt3-discrete-prob-dist/p026.md,true,707,false,635,68a157f09cdf9002762992c0358000870891fbf4d5ab500cdb2bedc555aa9db0,1,converted
1,ppt3-discrete-prob-dist,27,28,/home/liebert511/PS/PPT 3 SnP LMS.pdf,9cc7f631c99f5afd171767ad47ab653ef1e5033e85ccdf1b8a643f27cfae1dea,"Discrete probability distributions, binomial",ok,xiaomi/mimo-v2.5,md/ppt3-discrete-prob-dist/p027.md,true,633,false,607,b48b6a538db8213f8dfc2c6e6f381b963c805a40c1e0602d7ad3715d9d875781,1,converted
1,ppt3-discrete-prob-dist,28,28,/home/liebert511/PS/PPT 3 SnP LMS.pdf,9cc7f631c99f5afd171767ad47ab653ef1e5033e85ccdf1b8a643f27cfae1dea,"Discrete probability distributions, binomial",ok,xiaomi/mimo-v2.5,md/ppt3-discrete-prob-dist/p028.md,true,255,false,246,4b887c1ac68487dc71fb1eab1684ae0fe213af6921c937baddee2b162782bb9f,0,converted
2,ppt4-continuous-prob-dist,1,44,/home/liebert511/PS/PPT 4 SnP LMS.pdf,b3de25d8294cf071a255e7620f158204f1101668df5c1ec79e49e203d532c191,"Continuous distributions: uniform, normal, exponential",ok,xiaomi/mimo-v2.5,md/ppt4-continuous-prob-dist/p001.md,true,76,false,80,bf8df434a4e83790cd61285e4f82749fe194c536c5e7465b34c71a4fb79768f9,0,converted
2,ppt4-continuous-prob-dist,2,44,/home/liebert511/PS/PPT 4 SnP LMS.pdf,b3de25d8294cf071a255e7620f158204f1101668df5c1ec79e49e203d532c191,"Continuous distributions: uniform, normal, exponential",ok,xiaomi/mimo-v2.5,md/ppt4-continuous-prob-dist/p002.md,true,521,false,422,0bd1f8877662f78cbcebd48cd26ccf89fbf4d04d3821aff4bf3dae3178853225,0,converted
2,ppt4-continuous-prob-dist,3,44,/home/liebert511/PS/PPT 4 SnP LMS.pdf,b3de25d8294cf071a255e7620f158204f1101668df5c1ec79e49e203d532c191,"Continuous distributions: uniform, normal, exponential",ok,xiaomi/mimo-v2.5,md/ppt4-continuous-prob-dist/p003.md,true,658,false,597,13740753c73dfc2875fa4d5965afee2a572f5a1555e0a13cfc1a4c53686b1447,0,converted
2,ppt4-continuous-prob-dist,4,44,/home/liebert511/PS/PPT 4 SnP LMS.pdf,b3de25d8294cf071a255e7620f158204f1101668df5c1ec79e49e203d532c191,"Continuous distributions: uniform, normal, exponential",ok,xiaomi/mimo-v2.5,md/ppt4-continuous-prob-dist/p004.md,true,372,false,867,d730ac832935faab6238835d8a23ef278976805a53879a51e358defc15f2fb6b,0,converted
2,ppt4-continuous-prob-dist,5,44,/home/liebert511/PS/PPT 4 SnP LMS.pdf,b3de25d8294cf071a255e7620f158204f1101668df5c1ec79e49e203d532c191,"Continuous distributions: uniform, normal, exponential",ok,xiaomi/mimo-v2.5,md/ppt4-continuous-prob-dist/p005.md,true,238,false,567,3d6c1a5de3b30d8628a58aca3d1a2f9bcc60ffdef3247c3b826069215d5ec089,0,converted
2,ppt4-continuous-prob-dist,6,44,/home/liebert511/PS/PPT 4 SnP LMS.pdf,b3de25d8294cf071a255e7620f158204f1101668df5c1ec79e49e203d532c191,"Continuous distributions: uniform, normal, exponential",ok,xiaomi/mimo-v2.5,md/ppt4-continuous-prob-dist/p006.md,true,665,false,930,a928af472578581e6455d1df76af4e31e952b71492b3d63d8f9210c6a3936199,1,converted
2,ppt4-continuous-prob-dist,7,44,/home/liebert511/PS/PPT 4 SnP LMS.pdf,b3de25d8294cf071a255e7620f158204f1101668df5c1ec79e49e203d532c191,"Continuous distributions: uniform, normal, exponential",ok,xiaomi/mimo-v2.5,md/ppt4-continuous-prob-dist/p007.md,true,432,false,538,7736ac9167a5b880d5338dc14d21b223401edece37a93232c19e601943190f9e,0,converted
2,ppt4-continuous-prob-dist,8,44,/home/liebert511/PS/PPT 4 SnP LMS.pdf,b3de25d8294cf071a255e7620f158204f1101668df5c1ec79e49e203d532c191,"Continuous distributions: uniform, normal, exponential",ok,xiaomi/mimo-v2.5,md/ppt4-continuous-prob-dist/p008.md,true,656,false,928,d5bcfb1d2cfc2016abf1c1dc817a161dd712b09f587ebaad7e642aa68598aa78,0,converted
2,ppt4-continuous-prob-dist,9,44,/home/liebert511/PS/PPT 4 SnP LMS.pdf,b3de25d8294cf071a255e7620f158204f1101668df5c1ec79e49e203d532c191,"Continuous distributions: uniform, normal, exponential",ok,xiaomi/mimo-v2.5,md/ppt4-continuous-prob-dist/p009.md,true,506,false,627,a12db7d395986af02618e4c6221fa2a3b70a9995848846489e892c6c8cb2cc14,0,converted
2,ppt4-continuous-prob-dist,10,44,/home/liebert511/PS/PPT 4 SnP LMS.pdf,b3de25d8294cf071a255e7620f158204f1101668df5c1ec79e49e203d532c191,"Continuous distributions: uniform, normal, exponential",ok,xiaomi/mimo-v2.5,md/ppt4-continuous-prob-dist/p010.md,true,440,false,206,9c367d422e0ca45aedca338980fabc74027002fe272a6eef3ce117f7a2be9cd1,0,converted
2,ppt4-continuous-prob-dist,11,44,/home/liebert511/PS/PPT 4 SnP LMS.pdf,b3de25d8294cf071a255e7620f158204f1101668df5c1ec79e49e203d532c191,"Continuous distributions: uniform, normal, exponential",ok,xiaomi/mimo-v2.5,md/ppt4-continuous-prob-dist/p011.md,true,574,false,851,7061db7c04ce4c3d9fa2f37aaf28b0fcf325f52ccd9f07dd94a568a2524559ae,0,converted
2,ppt4-continuous-prob-dist,12,44,/home/liebert511/PS/PPT 4 SnP LMS.pdf,b3de25d8294cf071a255e7620f158204f1101668df5c1ec79e49e203d532c191,"Continuous distributions: uniform, normal, exponential",ok,xiaomi/mimo-v2.5,md/ppt4-continuous-prob-dist/p012.md,true,504,false,825,850ef8af8b37a2090c600d86d47f2aba60e894f903f6b9a95eb78486c2dd5fe4,0,converted
2,ppt4-continuous-prob-dist,13,44,/home/liebert511/PS/PPT 4 SnP LMS.pdf,b3de25d8294cf071a255e7620f158204f1101668df5c1ec79e49e203d532c191,"Continuous distributions: uniform, normal, exponential",ok,xiaomi/mimo-v2.5,md/ppt4-continuous-prob-dist/p013.md,true,572,false,535,00194a5e6c78f8791dd40464f61117093816789be793ae8a8b903dbc6754399e,0,converted
2,ppt4-continuous-prob-dist,14,44,/home/liebert511/PS/PPT 4 SnP LMS.pdf,b3de25d8294cf071a255e7620f158204f1101668df5c1ec79e49e203d532c191,"Continuous distributions: uniform, normal, exponential",ok,xiaomi/mimo-v2.5,md/ppt4-continuous-prob-dist/p014.md,true,492,false,364,5869860d05c42a65360bad545470c2f41013af93499b1826a8a46f7603f88e6b,0,converted
2,ppt4-continuous-prob-dist,15,44,/home/liebert511/PS/PPT 4 SnP LMS.pdf,b3de25d8294cf071a255e7620f158204f1101668df5c1ec79e49e203d532c191,"Continuous distributions: uniform, normal, exponential",ok,xiaomi/mimo-v2.5,md/ppt4-continuous-prob-dist/p015.md,true,769,false,511,3cfc5e5cbc73a5e2635282a08ecf5e94d63bacc07c3be0f77aa7a7ef5264214f,0,converted
2,ppt4-continuous-prob-dist,16,44,/home/liebert511/PS/PPT 4 SnP LMS.pdf,b3de25d8294cf071a255e7620f158204f1101668df5c1ec79e49e203d532c191,"Continuous distributions: uniform, normal, exponential",ok,xiaomi/mimo-v2.5,md/ppt4-continuous-prob-dist/p016.md,true,459,false,615,a9cbbf4fd41adbce6481bb6dfbbaef7fe2e7268c3d81161db069fe692d0833a0,0,converted
2,ppt4-continuous-prob-dist,17,44,/home/liebert511/PS/PPT 4 SnP LMS.pdf,b3de25d8294cf071a255e7620f158204f1101668df5c1ec79e49e203d532c191,"Continuous distributions: uniform, normal, exponential",ok,xiaomi/mimo-v2.5,md/ppt4-continuous-prob-dist/p017.md,true,201,false,139,217365b99ed6822d8c55c4de0fe7e8d0ad1ad39893ba2c00e1e07adcfa5ad22b,0,converted
2,ppt4-continuous-prob-dist,18,44,/home/liebert511/PS/PPT 4 SnP LMS.pdf,b3de25d8294cf071a255e7620f158204f1101668df5c1ec79e49e203d532c191,"Continuous distributions: uniform, normal, exponential",ok,xiaomi/mimo-v2.5,md/ppt4-continuous-prob-dist/p018.md,true,543,false,491,1d275dc68a5ae3ceb102b7093397e097ad618c3ba19c81867f10a616ae2ad357,0,converted
2,ppt4-continuous-prob-dist,19,44,/home/liebert511/PS/PPT 4 SnP LMS.pdf,b3de25d8294cf071a255e7620f158204f1101668df5c1ec79e49e203d532c191,"Continuous distributions: uniform, normal, exponential",ok,xiaomi/mimo-v2.5,md/ppt4-continuous-prob-dist/p019.md,true,829,false,894,f080fee9d0b537dc5a11e33c54aed71b70a09a5248d93b5e8f32b5e7a39fb61c,0,converted
2,ppt4-continuous-prob-dist,20,44,/home/liebert511/PS/PPT 4 SnP LMS.pdf,b3de25d8294cf071a255e7620f158204f1101668df5c1ec79e49e203d532c191,"Continuous distributions: uniform, normal, exponential",ok,xiaomi/mimo-v2.5,md/ppt4-continuous-prob-dist/p020.md,true,724,false,635,cd3e475860bb8f4a45cd271f59d95d65a4eab3100a8061df91f5b546796e8b4a,0,converted
2,ppt4-continuous-prob-dist,21,44,/home/liebert511/PS/PPT 4 SnP LMS.pdf,b3de25d8294cf071a255e7620f158204f1101668df5c1ec79e49e203d532c191,"Continuous distributions: uniform, normal, exponential",ok,xiaomi/mimo-v2.5,md/ppt4-continuous-prob-dist/p021.md,true,682,false,589,8ed938b2e255996f45bdb285c1db4a7a524ddd3b2563d8bdbeec004e6e3a010d,0,converted
2,ppt4-continuous-prob-dist,22,44,/home/liebert511/PS/PPT 4 SnP LMS.pdf,b3de25d8294cf071a255e7620f158204f1101668df5c1ec79e49e203d532c191,"Continuous distributions: uniform, normal, exponential",ok,xiaomi/mimo-v2.5,md/ppt4-continuous-prob-dist/p022.md,true,3808,false,3,f14b4987904bcb5814e4459a057ed4d20f58a633152288a761214dcd28780b56,0,converted
2,ppt4-continuous-prob-dist,23,44,/home/liebert511/PS/PPT 4 SnP LMS.pdf,b3de25d8294cf071a255e7620f158204f1101668df5c1ec79e49e203d532c191,"Continuous distributions: uniform, normal, exponential",ok,xiaomi/mimo-v2.5,md/ppt4-continuous-prob-dist/p023.md,true,743,false,0,,0,converted
2,ppt4-continuous-prob-dist,24,44,/home/liebert511/PS/PPT 4 SnP LMS.pdf,b3de25d8294cf071a255e7620f158204f1101668df5c1ec79e49e203d532c191,"Continuous distributions: uniform, normal, exponential",ok,xiaomi/mimo-v2.5,md/ppt4-continuous-prob-dist/p024.md,true,1568,false,0,,0,converted
2,ppt4-continuous-prob-dist,25,44,/home/liebert511/PS/PPT 4 SnP LMS.pdf,b3de25d8294cf071a255e7620f158204f1101668df5c1ec79e49e203d532c191,"Continuous distributions: uniform, normal, exponential",ok,xiaomi/mimo-v2.5,md/ppt4-continuous-prob-dist/p025.md,true,2199,false,0,,0,converted
2,ppt4-continuous-prob-dist,26,44,/home/liebert511/PS/PPT 4 SnP LMS.pdf,b3de25d8294cf071a255e7620f158204f1101668df5c1ec79e49e203d532c191,"Continuous distributions: uniform, normal, exponential",ok,xiaomi/mimo-v2.5,md/ppt4-continuous-prob-dist/p026.md,true,437,false,367,51662841905c4ed7d2b40310e7b50777e3183816e4cbae4ef8490d6848cd3316,1,converted
2,ppt4-continuous-prob-dist,27,44,/home/liebert511/PS/PPT 4 SnP LMS.pdf,b3de25d8294cf071a255e7620f158204f1101668df5c1ec79e49e203d532c191,"Continuous distributions: uniform, normal, exponential",ok,xiaomi/mimo-v2.5,md/ppt4-continuous-prob-dist/p027.md,true,685,false,986,61ed04ca757f2de26ed7c220c538a7cd7021096f2c8e119eade0f94cba220ace,1,converted
2,ppt4-continuous-prob-dist,28,44,/home/liebert511/PS/PPT 4 SnP LMS.pdf,b3de25d8294cf071a255e7620f158204f1101668df5c1ec79e49e203d532c191,"Continuous distributions: uniform, normal, exponential",ok,xiaomi/mimo-v2.5,md/ppt4-continuous-prob-dist/p028.md,true,319,false,452,6190c66d14c9c9927846778b2b3131ba1ce30ff6481571f67a9e40cfd1c644d4,0,converted
2,ppt4-continuous-prob-dist,29,44,/home/liebert511/PS/PPT 4 SnP LMS.pdf,b3de25d8294cf071a255e7620f158204f1101668df5c1ec79e49e203d532c191,"Continuous distributions: uniform, normal, exponential",ok,xiaomi/mimo-v2.5,md/ppt4-continuous-prob-dist/p029.md,true,532,false,355,c3f287e66b8f79a84feeb795e3bab13014bcced857770b81bc74f0c63bdf586a,0,converted
2,ppt4-continuous-prob-dist,30,44,/home/liebert511/PS/PPT 4 SnP LMS.pdf,b3de25d8294cf071a255e7620f158204f1101668df5c1ec79e49e203d532c191,"Continuous distributions: uniform, normal, exponential",ok,xiaomi/mimo-v2.5,md/ppt4-continuous-prob-dist/p030.md,true,868,false,675,ca60f684f8df06c607139a46dadfc749c66db211679efd17412ecc11d0569ca2,0,converted
2,ppt4-continuous-prob-dist,31,44,/home/liebert511/PS/PPT 4 SnP LMS.pdf,b3de25d8294cf071a255e7620f158204f1101668df5c1ec79e49e203d532c191,"Continuous distributions: uniform, normal, exponential",ok,xiaomi/mimo-v2.5,md/ppt4-continuous-prob-dist/p031.md,true,463,false,880,c48a7362bd3b457de48f11d41ff123e83d4a40f3ce4e84ba561c5e7ab22c3aa8,0,converted
2,ppt4-continuous-prob-dist,32,44,/home/liebert511/PS/PPT 4 SnP LMS.pdf,b3de25d8294cf071a255e7620f158204f1101668df5c1ec79e49e203d532c191,"Continuous distributions: uniform, normal, exponential",ok,xiaomi/mimo-v2.5,md/ppt4-continuous-prob-dist/p032.md,true,479,false,446,69722ba12a84eb8500176536efc476642ee212a6170836a7322e734809d20f50,0,converted
2,ppt4-continuous-prob-dist,33,44,/home/liebert511/PS/PPT 4 SnP LMS.pdf,b3de25d8294cf071a255e7620f158204f1101668df5c1ec79e49e203d532c191,"Continuous distributions: uniform, normal, exponential",ok,xiaomi/mimo-v2.5,md/ppt4-continuous-prob-dist/p033.md,true,582,false,1064,e68cf254fce40cfe9d3a5a16daf1be435112b06d9ef40203ec816f5a9848f6b2,0,converted
2,ppt4-continuous-prob-dist,34,44,/home/liebert511/PS/PPT 4 SnP LMS.pdf,b3de25d8294cf071a255e7620f158204f1101668df5c1ec79e49e203d532c191,"Continuous distributions: uniform, normal, exponential",ok,xiaomi/mimo-v2.5,md/ppt4-continuous-prob-dist/p034.md,true,285,false,362,472d5579efc4eb19389c9bdb61e3eacc3bc7723d4167d271c7e0b33c9172b1f2,0,converted
2,ppt4-continuous-prob-dist,35,44,/home/liebert511/PS/PPT 4 SnP LMS.pdf,b3de25d8294cf071a255e7620f158204f1101668df5c1ec79e49e203d532c191,"Continuous distributions: uniform, normal, exponential",ok,xiaomi/mimo-v2.5,md/ppt4-continuous-prob-dist/p035.md,true,829,false,574,cf0eff9010a6aaf19eea183710a697240674967e5f1b21b6e3d15bfb1c14ee41,1,converted
2,ppt4-continuous-prob-dist,36,44,/home/liebert511/PS/PPT 4 SnP LMS.pdf,b3de25d8294cf071a255e7620f158204f1101668df5c1ec79e49e203d532c191,"Continuous distributions: uniform, normal, exponential",ok,xiaomi/mimo-v2.5,md/ppt4-continuous-prob-dist/p036.md,true,875,false,858,49e43c282a34f07747033809fe632b25e199e2d94778210921aa85eb62addd6d,0,converted
2,ppt4-continuous-prob-dist,37,44,/home/liebert511/PS/PPT 4 SnP LMS.pdf,b3de25d8294cf071a255e7620f158204f1101668df5c1ec79e49e203d532c191,"Continuous distributions: uniform, normal, exponential",ok,xiaomi/mimo-v2.5,md/ppt4-continuous-prob-dist/p037.md,true,331,false,640,253d6d693e404b8f0f74be4409943e63444f6283646dbd56061982830c580829,0,converted
2,ppt4-continuous-prob-dist,38,44,/home/liebert511/PS/PPT 4 SnP LMS.pdf,b3de25d8294cf071a255e7620f158204f1101668df5c1ec79e49e203d532c191,"Continuous distributions: uniform, normal, exponential",ok,xiaomi/mimo-v2.5,md/ppt4-continuous-prob-dist/p038.md,true,471,false,592,ab9556cb7535d4d027b71f33a89127750c8ec8d39bc995c96c3d12177d75a442,0,converted
2,ppt4-continuous-prob-dist,39,44,/home/liebert511/PS/PPT 4 SnP LMS.pdf,b3de25d8294cf071a255e7620f158204f1101668df5c1ec79e49e203d532c191,"Continuous distributions: uniform, normal, exponential",ok,xiaomi/mimo-v2.5,md/ppt4-continuous-prob-dist/p039.md,true,363,false,412,1b92ac4d03921c2254085522c0bb50017855bd48f8c6faffebd4e2ced8da2301,0,converted
2,ppt4-continuous-prob-dist,40,44,/home/liebert511/PS/PPT 4 SnP LMS.pdf,b3de25d8294cf071a255e7620f158204f1101668df5c1ec79e49e203d532c191,"Continuous distributions: uniform, normal, exponential",ok,xiaomi/mimo-v2.5,md/ppt4-continuous-prob-dist/p040.md,true,390,false,556,f4697d6784ef11845991b5da51ebc8fcc7253ad4492123f5a5d888f06f8e4621,0,converted
2,ppt4-continuous-prob-dist,41,44,/home/liebert511/PS/PPT 4 SnP LMS.pdf,b3de25d8294cf071a255e7620f158204f1101668df5c1ec79e49e203d532c191,"Continuous distributions: uniform, normal, exponential",ok,xiaomi/mimo-v2.5,md/ppt4-continuous-prob-dist/p041.md,true,621,false,888,32fd76b8c7fcfba40ca6d42b073d718a6cb4e357c4411cf9c4b035e5b98decc0,0,converted
2,ppt4-continuous-prob-dist,42,44,/home/liebert511/PS/PPT 4 SnP LMS.pdf,b3de25d8294cf071a255e7620f158204f1101668df5c1ec79e49e203d532c191,"Continuous distributions: uniform, normal, exponential",ok,xiaomi/mimo-v2.5,md/ppt4-continuous-prob-dist/p042.md,true,292,false,327,33c98810e5fb7082782051c0f01d292c389f89042b089e7c6f556395a4f21570,1,converted
2,ppt4-continuous-prob-dist,43,44,/home/liebert511/PS/PPT 4 SnP LMS.pdf,b3de25d8294cf071a255e7620f158204f1101668df5c1ec79e49e203d532c191,"Continuous distributions: uniform, normal, exponential",ok,xiaomi/mimo-v2.5,md/ppt4-continuous-prob-dist/p043.md,true,595,false,758,9804f0a310d9e00556340b60f361638963eeea135ed0af4291b8ab181d073ced,1,converted
2,ppt4-continuous-prob-dist,44,44,/home/liebert511/PS/PPT 4 SnP LMS.pdf,b3de25d8294cf071a255e7620f158204f1101668df5c1ec79e49e203d532c191,"Continuous distributions: uniform, normal, exponential",ok,xiaomi/mimo-v2.5,md/ppt4-continuous-prob-dist/p044.md,true,334,false,325,e7a9bcf8d773b56d187852f84ce6f564174a77cf5d6f44eb417a636c5056f216,0,converted
3,ppt5-estimation-summary,1,26,/home/liebert511/PS/PPT 5 SnP LMS.pdf,2af21af1032ce9a1fc2d6566b5eb6f7a38c97ea387ada5e2f9725c549e3679b9,"Theory of estimation, characteristics of a good estimator",ok,xiaomi/mimo-v2.5,md/ppt5-estimation-summary/p001.md,true,220,false,278,e3ae55db52ac7cdb8f9e43029161db665b92fed5995744263fb2c1f9e0c9f683,0,converted
3,ppt5-estimation-summary,2,26,/home/liebert511/PS/PPT 5 SnP LMS.pdf,2af21af1032ce9a1fc2d6566b5eb6f7a38c97ea387ada5e2f9725c549e3679b9,"Theory of estimation, characteristics of a good estimator",ok,xiaomi/mimo-v2.5,md/ppt5-estimation-summary/p002.md,true,366,false,481,d1607d0f0549917b54509f981ee558046b390dc2f52f371f03abd5780c602400,0,converted
3,ppt5-estimation-summary,3,26,/home/liebert511/PS/PPT 5 SnP LMS.pdf,2af21af1032ce9a1fc2d6566b5eb6f7a38c97ea387ada5e2f9725c549e3679b9,"Theory of estimation, characteristics of a good estimator",ok,xiaomi/mimo-v2.5,md/ppt5-estimation-summary/p003.md,true,685,false,1073,7b4c96e90e143689df34382ebe2561fed1057705f639133e8fe4e6ab65a8c043,2,converted
3,ppt5-estimation-summary,4,26,/home/liebert511/PS/PPT 5 SnP LMS.pdf,2af21af1032ce9a1fc2d6566b5eb6f7a38c97ea387ada5e2f9725c549e3679b9,"Theory of estimation, characteristics of a good estimator",ok,xiaomi/mimo-v2.5,md/ppt5-estimation-summary/p004.md,true,521,false,656,5608b50df53fd4033569968fd76aea76f524447824a3303c444ba45c3da217c5,0,converted
3,ppt5-estimation-summary,5,26,/home/liebert511/PS/PPT 5 SnP LMS.pdf,2af21af1032ce9a1fc2d6566b5eb6f7a38c97ea387ada5e2f9725c549e3679b9,"Theory of estimation, characteristics of a good estimator",ok,xiaomi/mimo-v2.5,md/ppt5-estimation-summary/p005.md,true,435,false,656,1a7fb7d1c59585b9c070f04577241fb10352b963956f2ec9f4bd8d8aa33ac5b4,0,converted
3,ppt5-estimation-summary,6,26,/home/liebert511/PS/PPT 5 SnP LMS.pdf,2af21af1032ce9a1fc2d6566b5eb6f7a38c97ea387ada5e2f9725c549e3679b9,"Theory of estimation, characteristics of a good estimator",ok,xiaomi/mimo-v2.5,md/ppt5-estimation-summary/p006.md,true,399,false,525,56dc0f1bba044134be076e75889cb1bb5bd7f0bbe64047d774b395fffe95fa53,0,converted
3,ppt5-estimation-summary,7,26,/home/liebert511/PS/PPT 5 SnP LMS.pdf,2af21af1032ce9a1fc2d6566b5eb6f7a38c97ea387ada5e2f9725c549e3679b9,"Theory of estimation, characteristics of a good estimator",ok,xiaomi/mimo-v2.5,md/ppt5-estimation-summary/p007.md,true,345,false,562,4d8aeb8bc056ad967f9d251bee62b51c853ee4c4bebe82e29f8c9f4f7fcf13b2,1,converted
3,ppt5-estimation-summary,8,26,/home/liebert511/PS/PPT 5 SnP LMS.pdf,2af21af1032ce9a1fc2d6566b5eb6f7a38c97ea387ada5e2f9725c549e3679b9,"Theory of estimation, characteristics of a good estimator",ok,xiaomi/mimo-v2.5,md/ppt5-estimation-summary/p008.md,true,399,false,622,82f9d4c6db3736c4ff6b75db7627e53f3adc06c452082df971972ecc40737f5f,0,converted
3,ppt5-estimation-summary,9,26,/home/liebert511/PS/PPT 5 SnP LMS.pdf,2af21af1032ce9a1fc2d6566b5eb6f7a38c97ea387ada5e2f9725c549e3679b9,"Theory of estimation, characteristics of a good estimator",ok,xiaomi/mimo-v2.5,md/ppt5-estimation-summary/p009.md,true,374,false,477,72d1fc84203980af5294917092c228c8582e0c268e7d0f5638c62ed5bafccd17,0,converted
3,ppt5-estimation-summary,10,26,/home/liebert511/PS/PPT 5 SnP LMS.pdf,2af21af1032ce9a1fc2d6566b5eb6f7a38c97ea387ada5e2f9725c549e3679b9,"Theory of estimation, characteristics of a good estimator",ok,xiaomi/mimo-v2.5,md/ppt5-estimation-summary/p010.md,true,438,false,543,78ccd8185d69001ff4c0bd8650cc54e7a345dc0403a828dcd81ab97b6fbb129b,0,converted
3,ppt5-estimation-summary,11,26,/home/liebert511/PS/PPT 5 SnP LMS.pdf,2af21af1032ce9a1fc2d6566b5eb6f7a38c97ea387ada5e2f9725c549e3679b9,"Theory of estimation, characteristics of a good estimator",ok,xiaomi/mimo-v2.5,md/ppt5-estimation-summary/p011.md,true,338,false,546,4be9e60bfcc638762df31e6e25f03db05b655c0b7413f029e1b6c0d25027c4f8,0,converted
3,ppt5-estimation-summary,12,26,/home/liebert511/PS/PPT 5 SnP LMS.pdf,2af21af1032ce9a1fc2d6566b5eb6f7a38c97ea387ada5e2f9725c549e3679b9,"Theory of estimation, characteristics of a good estimator",ok,xiaomi/mimo-v2.5,md/ppt5-estimation-summary/p012.md,true,489,false,761,8efbb848020203c5b18db7ec852e72f4d86d5033d4d62c1b001192afe5abb790,0,converted
3,ppt5-estimation-summary,13,26,/home/liebert511/PS/PPT 5 SnP LMS.pdf,2af21af1032ce9a1fc2d6566b5eb6f7a38c97ea387ada5e2f9725c549e3679b9,"Theory of estimation, characteristics of a good estimator",ok,xiaomi/mimo-v2.5,md/ppt5-estimation-summary/p013.md,true,476,false,927,cf64183f0abd46e79eaa03aa534cf058202ff9eb5a55d17a483dfe73d378350e,0,converted
3,ppt5-estimation-summary,14,26,/home/liebert511/PS/PPT 5 SnP LMS.pdf,2af21af1032ce9a1fc2d6566b5eb6f7a38c97ea387ada5e2f9725c549e3679b9,"Theory of estimation, characteristics of a good estimator",ok,xiaomi/mimo-v2.5,md/ppt5-estimation-summary/p014.md,true,283,false,533,ce17308ee459a8a58cf35420f820d948eec540e7b119771d1391483bfb28e8cb,0,converted
3,ppt5-estimation-summary,15,26,/home/liebert511/PS/PPT 5 SnP LMS.pdf,2af21af1032ce9a1fc2d6566b5eb6f7a38c97ea387ada5e2f9725c549e3679b9,"Theory of estimation, characteristics of a good estimator",ok,xiaomi/mimo-v2.5,md/ppt5-estimation-summary/p015.md,true,566,false,130,2c6a07cbd89eef2a139e9d1ece3900a613febd67a41b3b65c19d61c9c6c722ad,1,converted
3,ppt5-estimation-summary,16,26,/home/liebert511/PS/PPT 5 SnP LMS.pdf,2af21af1032ce9a1fc2d6566b5eb6f7a38c97ea387ada5e2f9725c549e3679b9,"Theory of estimation, characteristics of a good estimator",ok,xiaomi/mimo-v2.5,md/ppt5-estimation-summary/p016.md,true,277,false,341,96d715ac9db09bb855c04f18b4da81179d134b23a34a8049a613e54e72ca958b,0,converted
3,ppt5-estimation-summary,17,26,/home/liebert511/PS/PPT 5 SnP LMS.pdf,2af21af1032ce9a1fc2d6566b5eb6f7a38c97ea387ada5e2f9725c549e3679b9,"Theory of estimation, characteristics of a good estimator",ok,xiaomi/mimo-v2.5,md/ppt5-estimation-summary/p017.md,true,375,false,574,45b6dccc9a06db7fba9530a3c4e9cc4f8cd9345b5d6e023e26c6bc7b9beaad56,0,converted
3,ppt5-estimation-summary,18,26,/home/liebert511/PS/PPT 5 SnP LMS.pdf,2af21af1032ce9a1fc2d6566b5eb6f7a38c97ea387ada5e2f9725c549e3679b9,"Theory of estimation, characteristics of a good estimator",ok,xiaomi/mimo-v2.5,md/ppt5-estimation-summary/p018.md,true,437,false,606,a34c667e2b4c69cdca9a437b37952b070bb59874149ddddbb3e67eaea62966dd,0,converted
3,ppt5-estimation-summary,19,26,/home/liebert511/PS/PPT 5 SnP LMS.pdf,2af21af1032ce9a1fc2d6566b5eb6f7a38c97ea387ada5e2f9725c549e3679b9,"Theory of estimation, characteristics of a good estimator",ok,xiaomi/mimo-v2.5,md/ppt5-estimation-summary/p019.md,true,601,false,517,2140950439f4d7d596132748072df15232af81a6d0b9ecd3add0d4468c879159,1,converted
3,ppt5-estimation-summary,20,26,/home/liebert511/PS/PPT 5 SnP LMS.pdf,2af21af1032ce9a1fc2d6566b5eb6f7a38c97ea387ada5e2f9725c549e3679b9,"Theory of estimation, characteristics of a good estimator",ok,xiaomi/mimo-v2.5,md/ppt5-estimation-summary/p020.md,true,555,false,437,56bd8621a071c438574e21734ccb95d7414d372651ea84b5c84845d37a4f2f62,0,converted
3,ppt5-estimation-summary,21,26,/home/liebert511/PS/PPT 5 SnP LMS.pdf,2af21af1032ce9a1fc2d6566b5eb6f7a38c97ea387ada5e2f9725c549e3679b9,"Theory of estimation, characteristics of a good estimator",ok,xiaomi/mimo-v2.5,md/ppt5-estimation-summary/p021.md,true,448,false,300,277fbfa6edc6a8ec6affdd0b06831f45fa408268201cfd533ff9d8a271fcf0b5,0,converted
3,ppt5-estimation-summary,22,26,/home/liebert511/PS/PPT 5 SnP LMS.pdf,2af21af1032ce9a1fc2d6566b5eb6f7a38c97ea387ada5e2f9725c549e3679b9,"Theory of estimation, characteristics of a good estimator",ok,xiaomi/mimo-v2.5,md/ppt5-estimation-summary/p022.md,true,528,false,805,a4cf90cdcefa5e8571f5abdda5104ce1b1b02be4ab143b5539c9963558e0582f,0,converted
3,ppt5-estimation-summary,23,26,/home/liebert511/PS/PPT 5 SnP LMS.pdf,2af21af1032ce9a1fc2d6566b5eb6f7a38c97ea387ada5e2f9725c549e3679b9,"Theory of estimation, characteristics of a good estimator",ok,xiaomi/mimo-v2.5,md/ppt5-estimation-summary/p023.md,true,411,false,740,cd58593de47bb7639c4c42337e2f2b283314e4338ca5289863a75cef7a46aa52,0,converted
3,ppt5-estimation-summary,24,26,/home/liebert511/PS/PPT 5 SnP LMS.pdf,2af21af1032ce9a1fc2d6566b5eb6f7a38c97ea387ada5e2f9725c549e3679b9,"Theory of estimation, characteristics of a good estimator",ok,xiaomi/mimo-v2.5,md/ppt5-estimation-summary/p024.md,true,528,false,889,179f5a6930402bf27794d192045d31da42d2d8b55042ad5ae35996b6baeb6555,0,converted
3,ppt5-estimation-summary,25,26,/home/liebert511/PS/PPT 5 SnP LMS.pdf,2af21af1032ce9a1fc2d6566b5eb6f7a38c97ea387ada5e2f9725c549e3679b9,"Theory of estimation, characteristics of a good estimator",ok,xiaomi/mimo-v2.5,md/ppt5-estimation-summary/p025.md,true,433,false,600,423af1350f931e74ea4cd8f8cab512a27d16dcdf3e4f305a79a6217710b3cbe0,0,converted
3,ppt5-estimation-summary,26,26,/home/liebert511/PS/PPT 5 SnP LMS.pdf,2af21af1032ce9a1fc2d6566b5eb6f7a38c97ea387ada5e2f9725c549e3679b9,"Theory of estimation, characteristics of a good estimator",ok,xiaomi/mimo-v2.5,md/ppt5-estimation-summary/p026.md,true,129,false,143,5d52f059844bb83895388833f7b86daa05bf293037af861cb1eac0caa3578715,0,converted
4,lms-theory-of-estimation,1,40,/home/liebert511/PS/LMS- Theory_of_Estimation_.pdf,0c8a88567cec1521ffec203c6ea64f7d91e940144ced729d1e50b6e690e7b95c,"Theory of estimation, expanded deck",ok,xiaomi/mimo-v2.5,md/lms-theory-of-estimation/p001.md,true,213,false,288,13f52b464386da9361cbee5be3a43c556e21ac99c173f3e03318f626857beac3,0,converted
4,lms-theory-of-estimation,2,40,/home/liebert511/PS/LMS- Theory_of_Estimation_.pdf,0c8a88567cec1521ffec203c6ea64f7d91e940144ced729d1e50b6e690e7b95c,"Theory of estimation, expanded deck",ok,xiaomi/mimo-v2.5,md/lms-theory-of-estimation/p002.md,true,396,false,555,eb606562c611b49c02ceedb292f5b47a6b464c23429bb3e72bc3e754b38de86d,0,converted
4,lms-theory-of-estimation,3,40,/home/liebert511/PS/LMS- Theory_of_Estimation_.pdf,0c8a88567cec1521ffec203c6ea64f7d91e940144ced729d1e50b6e690e7b95c,"Theory of estimation, expanded deck",ok,xiaomi/mimo-v2.5,md/lms-theory-of-estimation/p003.md,true,807,false,1200,d20865da40f32f19acc552eb5d6a610d4406ba8410b16a473cb1be6426602d07,2,converted
4,lms-theory-of-estimation,4,40,/home/liebert511/PS/LMS- Theory_of_Estimation_.pdf,0c8a88567cec1521ffec203c6ea64f7d91e940144ced729d1e50b6e690e7b95c,"Theory of estimation, expanded deck",ok,xiaomi/mimo-v2.5,md/lms-theory-of-estimation/p004.md,true,452,false,491,fafc3ae1cc58bb0477159a42b495013fb24907675a19a43bafd33a49aac921f3,0,converted
4,lms-theory-of-estimation,5,40,/home/liebert511/PS/LMS- Theory_of_Estimation_.pdf,0c8a88567cec1521ffec203c6ea64f7d91e940144ced729d1e50b6e690e7b95c,"Theory of estimation, expanded deck",ok,xiaomi/mimo-v2.5,md/lms-theory-of-estimation/p005.md,true,820,false,1199,f2538ab1d8dd1e4c66b44d08fe78b87c6cb7f6ccf14b7a6b0cb8a7d1657255e1,0,converted
4,lms-theory-of-estimation,6,40,/home/liebert511/PS/LMS- Theory_of_Estimation_.pdf,0c8a88567cec1521ffec203c6ea64f7d91e940144ced729d1e50b6e690e7b95c,"Theory of estimation, expanded deck",ok,xiaomi/mimo-v2.5,md/lms-theory-of-estimation/p006.md,true,468,false,779,c00aa06c3cddaa000e9703ac33116f876f6479ea145ef8a8baaaf216ab6c2224,0,converted
4,lms-theory-of-estimation,7,40,/home/liebert511/PS/LMS- Theory_of_Estimation_.pdf,0c8a88567cec1521ffec203c6ea64f7d91e940144ced729d1e50b6e690e7b95c,"Theory of estimation, expanded deck",ok,xiaomi/mimo-v2.5,md/lms-theory-of-estimation/p007.md,true,376,false,575,9d564eb1d2c3ba596033ce7d296108698471ec6e29da64e6552d9ad9ee7be98c,0,converted
4,lms-theory-of-estimation,8,40,/home/liebert511/PS/LMS- Theory_of_Estimation_.pdf,0c8a88567cec1521ffec203c6ea64f7d91e940144ced729d1e50b6e690e7b95c,"Theory of estimation, expanded deck",ok,xiaomi/mimo-v2.5,md/lms-theory-of-estimation/p008.md,true,337,false,682,438e570c8351cdeea55f3c8af7f1828e0af4367ec5d4b579d7eead9902259b95,1,converted
4,lms-theory-of-estimation,9,40,/home/liebert511/PS/LMS- Theory_of_Estimation_.pdf,0c8a88567cec1521ffec203c6ea64f7d91e940144ced729d1e50b6e690e7b95c,"Theory of estimation, expanded deck",ok,xiaomi/mimo-v2.5,md/lms-theory-of-estimation/p009.md,true,368,false,699,bea416a14ef375b0edd57d1c185915328d9b3f461d5d0524ee54b571f93fb1ea,0,converted
4,lms-theory-of-estimation,10,40,/home/liebert511/PS/LMS- Theory_of_Estimation_.pdf,0c8a88567cec1521ffec203c6ea64f7d91e940144ced729d1e50b6e690e7b95c,"Theory of estimation, expanded deck",ok,xiaomi/mimo-v2.5,md/lms-theory-of-estimation/p010.md,true,270,false,579,a75a8660394e86087b7e9ab58cb73c117bd8ecae4230cf79e8b551a4f106e05b,0,converted
4,lms-theory-of-estimation,11,40,/home/liebert511/PS/LMS- Theory_of_Estimation_.pdf,0c8a88567cec1521ffec203c6ea64f7d91e940144ced729d1e50b6e690e7b95c,"Theory of estimation, expanded deck",ok,xiaomi/mimo-v2.5,md/lms-theory-of-estimation/p011.md,true,440,false,663,a055f421be6e51bbdaa76af0b8c0a97d42a8ee7006a2bba6a6c252ad7ca865c4,0,converted
4,lms-theory-of-estimation,12,40,/home/liebert511/PS/LMS- Theory_of_Estimation_.pdf,0c8a88567cec1521ffec203c6ea64f7d91e940144ced729d1e50b6e690e7b95c,"Theory of estimation, expanded deck",ok,xiaomi/mimo-v2.5,md/lms-theory-of-estimation/p012.md,true,361,false,576,e501839acfabb6e56a8842f91c66e2a8707e1ce415575552298c1118ffdcd3eb,0,converted
4,lms-theory-of-estimation,13,40,/home/liebert511/PS/LMS- Theory_of_Estimation_.pdf,0c8a88567cec1521ffec203c6ea64f7d91e940144ced729d1e50b6e690e7b95c,"Theory of estimation, expanded deck",ok,xiaomi/mimo-v2.5,md/lms-theory-of-estimation/p013.md,true,466,false,809,e82493caf972100139047d4743455f4a82717cd3d6c72c205f2cabc50904b666,0,converted
4,lms-theory-of-estimation,14,40,/home/liebert511/PS/LMS- Theory_of_Estimation_.pdf,0c8a88567cec1521ffec203c6ea64f7d91e940144ced729d1e50b6e690e7b95c,"Theory of estimation, expanded deck",ok,xiaomi/mimo-v2.5,md/lms-theory-of-estimation/p014.md,true,504,false,1026,add2d9a131ca37fdef3b57367dc487592f9c3c10fc4ee7ad2e1717fd16477763,0,converted
4,lms-theory-of-estimation,15,40,/home/liebert511/PS/LMS- Theory_of_Estimation_.pdf,0c8a88567cec1521ffec203c6ea64f7d91e940144ced729d1e50b6e690e7b95c,"Theory of estimation, expanded deck",ok,xiaomi/mimo-v2.5,md/lms-theory-of-estimation/p015.md,true,468,false,622,e3c125fdb3fb23054d83f0e5884735bf9216d553eb20a2234e7a4cc5f2ac8a32,0,converted
4,lms-theory-of-estimation,16,40,/home/liebert511/PS/LMS- Theory_of_Estimation_.pdf,0c8a88567cec1521ffec203c6ea64f7d91e940144ced729d1e50b6e690e7b95c,"Theory of estimation, expanded deck",ok,xiaomi/mimo-v2.5,md/lms-theory-of-estimation/p016.md,true,590,false,179,a96ff2cc324c3658223a549fcb40da02a8540c203a6127c5090e8ad7c935094e,1,converted
4,lms-theory-of-estimation,17,40,/home/liebert511/PS/LMS- Theory_of_Estimation_.pdf,0c8a88567cec1521ffec203c6ea64f7d91e940144ced729d1e50b6e690e7b95c,"Theory of estimation, expanded deck",ok,xiaomi/mimo-v2.5,md/lms-theory-of-estimation/p017.md,true,364,false,380,0c2ab7b94760250b6c331acf18316ae3fcabade10791d9892a57cfb65f2760e7,0,converted
4,lms-theory-of-estimation,18,40,/home/liebert511/PS/LMS- Theory_of_Estimation_.pdf,0c8a88567cec1521ffec203c6ea64f7d91e940144ced729d1e50b6e690e7b95c,"Theory of estimation, expanded deck",ok,xiaomi/mimo-v2.5,md/lms-theory-of-estimation/p018.md,true,307,false,684,8a51150d836c4876756e0bb8467cd1ab238c741f78f1458884b2dc3c60297318,0,converted
4,lms-theory-of-estimation,19,40,/home/liebert511/PS/LMS- Theory_of_Estimation_.pdf,0c8a88567cec1521ffec203c6ea64f7d91e940144ced729d1e50b6e690e7b95c,"Theory of estimation, expanded deck",ok,xiaomi/mimo-v2.5,md/lms-theory-of-estimation/p019.md,true,483,false,645,6798cd7fc2080075b4a416e62c5542c77b6a7497cd616855ac838ca352ce332f,0,converted
4,lms-theory-of-estimation,20,40,/home/liebert511/PS/LMS- Theory_of_Estimation_.pdf,0c8a88567cec1521ffec203c6ea64f7d91e940144ced729d1e50b6e690e7b95c,"Theory of estimation, expanded deck",ok,xiaomi/mimo-v2.5,md/lms-theory-of-estimation/p020.md,true,611,false,563,d95dc391fcec1402edc6293dc9f65710648fa48bd5632471ce726bb0f665fd13,1,converted
4,lms-theory-of-estimation,21,40,/home/liebert511/PS/LMS- Theory_of_Estimation_.pdf,0c8a88567cec1521ffec203c6ea64f7d91e940144ced729d1e50b6e690e7b95c,"Theory of estimation, expanded deck",ok,xiaomi/mimo-v2.5,md/lms-theory-of-estimation/p021.md,true,569,false,508,c45a9ea980089f4ca5947d25e022b80b3d5f94a3592acb4a53c97f384522bd97,0,converted
4,lms-theory-of-estimation,22,40,/home/liebert511/PS/LMS- Theory_of_Estimation_.pdf,0c8a88567cec1521ffec203c6ea64f7d91e940144ced729d1e50b6e690e7b95c,"Theory of estimation, expanded deck",ok,xiaomi/mimo-v2.5,md/lms-theory-of-estimation/p022.md,true,468,false,361,387839b3b530a7a563df8bff611eba5da0cb316ff2793e5aa71022b8860d9955,0,converted
4,lms-theory-of-estimation,23,40,/home/liebert511/PS/LMS- Theory_of_Estimation_.pdf,0c8a88567cec1521ffec203c6ea64f7d91e940144ced729d1e50b6e690e7b95c,"Theory of estimation, expanded deck",ok,xiaomi/mimo-v2.5,md/lms-theory-of-estimation/p023.md,true,722,false,92,ebb1aeaf0c1c232c566496295498ba077e0c9342f845f9ad12e8106697333ac8,0,converted
4,lms-theory-of-estimation,24,40,/home/liebert511/PS/LMS- Theory_of_Estimation_.pdf,0c8a88567cec1521ffec203c6ea64f7d91e940144ced729d1e50b6e690e7b95c,"Theory of estimation, expanded deck",ok,xiaomi/mimo-v2.5,md/lms-theory-of-estimation/p024.md,true,681,false,92,24482d6919950a7bb96b17058b55d287569e756a74dc2f30745ccdb9a23ae989,0,converted
4,lms-theory-of-estimation,25,40,/home/liebert511/PS/LMS- Theory_of_Estimation_.pdf,0c8a88567cec1521ffec203c6ea64f7d91e940144ced729d1e50b6e690e7b95c,"Theory of estimation, expanded deck",ok,xiaomi/mimo-v2.5,md/lms-theory-of-estimation/p025.md,true,721,false,92,2638968397389e3e8c8f014120898720132defed254baa0412d740a6ab45a3ff,0,converted
4,lms-theory-of-estimation,26,40,/home/liebert511/PS/LMS- Theory_of_Estimation_.pdf,0c8a88567cec1521ffec203c6ea64f7d91e940144ced729d1e50b6e690e7b95c,"Theory of estimation, expanded deck",ok,xiaomi/mimo-v2.5,md/lms-theory-of-estimation/p026.md,true,607,false,92,88ca37c0a84c366d9ef3b09274818e33dc66550ed81263f8003dc77cc48681c4,0,converted
4,lms-theory-of-estimation,27,40,/home/liebert511/PS/LMS- Theory_of_Estimation_.pdf,0c8a88567cec1521ffec203c6ea64f7d91e940144ced729d1e50b6e690e7b95c,"Theory of estimation, expanded deck",ok,xiaomi/mimo-v2.5,md/lms-theory-of-estimation/p027.md,true,443,false,950,7a09d5c9a54b810e6e79d9faebe2ebd0f873da1780da16909730cd3b70075beb,0,converted
4,lms-theory-of-estimation,28,40,/home/liebert511/PS/LMS- Theory_of_Estimation_.pdf,0c8a88567cec1521ffec203c6ea64f7d91e940144ced729d1e50b6e690e7b95c,"Theory of estimation, expanded deck",ok,xiaomi/mimo-v2.5,md/lms-theory-of-estimation/p028.md,true,359,false,890,8a4a8597a82aaa2d562bdb467c834d64b550aef88ca0b68cc896044c5d94510f,0,converted
4,lms-theory-of-estimation,29,40,/home/liebert511/PS/LMS- Theory_of_Estimation_.pdf,0c8a88567cec1521ffec203c6ea64f7d91e940144ced729d1e50b6e690e7b95c,"Theory of estimation, expanded deck",ok,xiaomi/mimo-v2.5,md/lms-theory-of-estimation/p029.md,true,566,false,992,19a7203f8c961a5ad7271ea5d286d07de0bb841ba5dcf169d2c9f7d454b61ac0,0,converted
4,lms-theory-of-estimation,30,40,/home/liebert511/PS/LMS- Theory_of_Estimation_.pdf,0c8a88567cec1521ffec203c6ea64f7d91e940144ced729d1e50b6e690e7b95c,"Theory of estimation, expanded deck",ok,xiaomi/mimo-v2.5,md/lms-theory-of-estimation/p030.md,true,417,false,713,5429424406b4d3cfcea111d637276e2b99d167948984a3c4c23d263d288a4fa2,0,converted
4,lms-theory-of-estimation,31,40,/home/liebert511/PS/LMS- Theory_of_Estimation_.pdf,0c8a88567cec1521ffec203c6ea64f7d91e940144ced729d1e50b6e690e7b95c,"Theory of estimation, expanded deck",ok,xiaomi/mimo-v2.5,md/lms-theory-of-estimation/p031.md,true,457,false,625,99957e5d4c2925ebf30fa37116257318f79a92b6cc7de2ed7adcb2040b767c5e,0,converted
4,lms-theory-of-estimation,32,40,/home/liebert511/PS/LMS- Theory_of_Estimation_.pdf,0c8a88567cec1521ffec203c6ea64f7d91e940144ced729d1e50b6e690e7b95c,"Theory of estimation, expanded deck",ok,xiaomi/mimo-v2.5,md/lms-theory-of-estimation/p032.md,true,553,false,716,ce3671df96ed3f44ffe3d83d685103fb341bffc216b52e4226ca7fae4d32779e,0,converted
4,lms-theory-of-estimation,33,40,/home/liebert511/PS/LMS- Theory_of_Estimation_.pdf,0c8a88567cec1521ffec203c6ea64f7d91e940144ced729d1e50b6e690e7b95c,"Theory of estimation, expanded deck",ok,xiaomi/mimo-v2.5,md/lms-theory-of-estimation/p033.md,true,895,false,805,d8605ee4bbd06a2ad97bbb8e01bd9a21ede8e94a847c619c88cb43213b98044d,0,converted
4,lms-theory-of-estimation,34,40,/home/liebert511/PS/LMS- Theory_of_Estimation_.pdf,0c8a88567cec1521ffec203c6ea64f7d91e940144ced729d1e50b6e690e7b95c,"Theory of estimation, expanded deck",ok,xiaomi/mimo-v2.5,md/lms-theory-of-estimation/p034.md,true,876,false,1369,e51d588c153c3a3a8bc6c2c0071c7ce904a51ff70fc5a03dc91da6f952ffeee2,0,converted
4,lms-theory-of-estimation,35,40,/home/liebert511/PS/LMS- Theory_of_Estimation_.pdf,0c8a88567cec1521ffec203c6ea64f7d91e940144ced729d1e50b6e690e7b95c,"Theory of estimation, expanded deck",ok,xiaomi/mimo-v2.5,md/lms-theory-of-estimation/p035.md,true,716,false,749,3fc1860bb8fbe1ef791980b8b481b8737a3c508079f3c7efdb5aae94da6af87b,0,converted
4,lms-theory-of-estimation,36,40,/home/liebert511/PS/LMS- Theory_of_Estimation_.pdf,0c8a88567cec1521ffec203c6ea64f7d91e940144ced729d1e50b6e690e7b95c,"Theory of estimation, expanded deck",ok,xiaomi/mimo-v2.5,md/lms-theory-of-estimation/p036.md,true,640,false,733,7a0af73e4ab1312a43481ce53575eae6286560c56cd881c1032228cc0925b998,0,converted
4,lms-theory-of-estimation,37,40,/home/liebert511/PS/LMS- Theory_of_Estimation_.pdf,0c8a88567cec1521ffec203c6ea64f7d91e940144ced729d1e50b6e690e7b95c,"Theory of estimation, expanded deck",ok,xiaomi/mimo-v2.5,md/lms-theory-of-estimation/p037.md,true,453,false,564,e51a153504616d6083d44843acb83a85d7e7d4068f4f5fdeafb0f586d15b7b6f,0,converted
4,lms-theory-of-estimation,38,40,/home/liebert511/PS/LMS- Theory_of_Estimation_.pdf,0c8a88567cec1521ffec203c6ea64f7d91e940144ced729d1e50b6e690e7b95c,"Theory of estimation, expanded deck",ok,xiaomi/mimo-v2.5,md/lms-theory-of-estimation/p038.md,true,360,false,372,b84af1a3fd84a2575b1ca9e1bad9cda794923e8bfb86bb3526e597ef2716b479,0,converted
4,lms-theory-of-estimation,39,40,/home/liebert511/PS/LMS- Theory_of_Estimation_.pdf,0c8a88567cec1521ffec203c6ea64f7d91e940144ced729d1e50b6e690e7b95c,"Theory of estimation, expanded deck",ok,xiaomi/mimo-v2.5,md/lms-theory-of-estimation/p039.md,true,413,false,515,744610fe4fa6278843b7c8bbbdcedc03842722f4b4ee8358d1ae21a58462253a,0,converted
4,lms-theory-of-estimation,40,40,/home/liebert511/PS/LMS- Theory_of_Estimation_.pdf,0c8a88567cec1521ffec203c6ea64f7d91e940144ced729d1e50b6e690e7b95c,"Theory of estimation, expanded deck",ok,xiaomi/mimo-v2.5,md/lms-theory-of-estimation/p040.md,true,160,false,200,5dc3329bd37fde75ca6159f2fd86534af09dc06ccc0eafffdd29be1136bc064f,0,converted
5,lms-standard-error-clt,1,19,/home/liebert511/PS/LMS -Standard Error & Central Limit Theorem.pdf,e48f4981ed692c1842903f75195dab348596c8e963ceca174bfcd5e7e698c807,"Population, sample, standard error, central limit theorem",ok,xiaomi/mimo-v2.5,md/lms-standard-error-clt/p001.md,true,124,false,121,173be2eaa2b7f8a88bb3cf56dc7376f15dd44fa695965b41a9c08d124516755c,0,converted
5,lms-standard-error-clt,2,19,/home/liebert511/PS/LMS -Standard Error & Central Limit Theorem.pdf,e48f4981ed692c1842903f75195dab348596c8e963ceca174bfcd5e7e698c807,"Population, sample, standard error, central limit theorem",ok,xiaomi/mimo-v2.5,md/lms-standard-error-clt/p002.md,true,821,false,973,87f58f08c0ddcd666d27aff430a69a7d3a333a143ca2c1071a2f5115408ae1ee,0,converted
5,lms-standard-error-clt,3,19,/home/liebert511/PS/LMS -Standard Error & Central Limit Theorem.pdf,e48f4981ed692c1842903f75195dab348596c8e963ceca174bfcd5e7e698c807,"Population, sample, standard error, central limit theorem",ok,xiaomi/mimo-v2.5,md/lms-standard-error-clt/p003.md,true,842,false,0,,0,converted
5,lms-standard-error-clt,4,19,/home/liebert511/PS/LMS -Standard Error & Central Limit Theorem.pdf,e48f4981ed692c1842903f75195dab348596c8e963ceca174bfcd5e7e698c807,"Population, sample, standard error, central limit theorem",ok,xiaomi/mimo-v2.5,md/lms-standard-error-clt/p004.md,true,612,false,581,4b2b22d38684be5da28c18039c803f788d4c4fee873fb7e4527967c3ec599f9b,0,converted
5,lms-standard-error-clt,5,19,/home/liebert511/PS/LMS -Standard Error & Central Limit Theorem.pdf,e48f4981ed692c1842903f75195dab348596c8e963ceca174bfcd5e7e698c807,"Population, sample, standard error, central limit theorem",ok,xiaomi/mimo-v2.5,md/lms-standard-error-clt/p005.md,true,736,false,680,53d741be4c8c55aa6a902d477ce541d2ca80a85ae1891223056590bde95e760a,0,converted
5,lms-standard-error-clt,6,19,/home/liebert511/PS/LMS -Standard Error & Central Limit Theorem.pdf,e48f4981ed692c1842903f75195dab348596c8e963ceca174bfcd5e7e698c807,"Population, sample, standard error, central limit theorem",ok,xiaomi/mimo-v2.5,md/lms-standard-error-clt/p006.md,true,63,false,62,8d6840db044ea023f8636b55e7b528501165de0799512fe9f0d052667f1374ab,0,converted
5,lms-standard-error-clt,7,19,/home/liebert511/PS/LMS -Standard Error & Central Limit Theorem.pdf,e48f4981ed692c1842903f75195dab348596c8e963ceca174bfcd5e7e698c807,"Population, sample, standard error, central limit theorem",ok,xiaomi/mimo-v2.5,md/lms-standard-error-clt/p007.md,true,752,false,698,9b18de51b1d0bd4220556ca65a6f2cf4ac7af06ec1319f52861c87b4492f16e5,0,converted
5,lms-standard-error-clt,8,19,/home/liebert511/PS/LMS -Standard Error & Central Limit Theorem.pdf,e48f4981ed692c1842903f75195dab348596c8e963ceca174bfcd5e7e698c807,"Population, sample, standard error, central limit theorem",ok,xiaomi/mimo-v2.5,md/lms-standard-error-clt/p008.md,true,594,false,718,618842c061a866dfed47e3b4f34bd533afd675b034795b55aa5ba96dd7217d95,0,converted
5,lms-standard-error-clt,9,19,/home/liebert511/PS/LMS -Standard Error & Central Limit Theorem.pdf,e48f4981ed692c1842903f75195dab348596c8e963ceca174bfcd5e7e698c807,"Population, sample, standard error, central limit theorem",ok,xiaomi/mimo-v2.5,md/lms-standard-error-clt/p009.md,true,1033,false,0,,0,converted
5,lms-standard-error-clt,10,19,/home/liebert511/PS/LMS -Standard Error & Central Limit Theorem.pdf,e48f4981ed692c1842903f75195dab348596c8e963ceca174bfcd5e7e698c807,"Population, sample, standard error, central limit theorem",ok,xiaomi/mimo-v2.5,md/lms-standard-error-clt/p010.md,true,903,false,0,,0,converted
5,lms-standard-error-clt,11,19,/home/liebert511/PS/LMS -Standard Error & Central Limit Theorem.pdf,e48f4981ed692c1842903f75195dab348596c8e963ceca174bfcd5e7e698c807,"Population, sample, standard error, central limit theorem",ok,xiaomi/mimo-v2.5,md/lms-standard-error-clt/p011.md,true,506,false,492,d836447f6c85b68c50026861f5224490aab066514bfc33d6fc2c73a5a0d4841b,0,converted
5,lms-standard-error-clt,12,19,/home/liebert511/PS/LMS -Standard Error & Central Limit Theorem.pdf,e48f4981ed692c1842903f75195dab348596c8e963ceca174bfcd5e7e698c807,"Population, sample, standard error, central limit theorem",ok,xiaomi/mimo-v2.5,md/lms-standard-error-clt/p012.md,true,611,false,574,818e16040710bdb516d8446a74a7487429b71ead3d2aeb82dc53c839201790c9,0,converted
5,lms-standard-error-clt,13,19,/home/liebert511/PS/LMS -Standard Error & Central Limit Theorem.pdf,e48f4981ed692c1842903f75195dab348596c8e963ceca174bfcd5e7e698c807,"Population, sample, standard error, central limit theorem",ok,xiaomi/mimo-v2.5,md/lms-standard-error-clt/p013.md,true,340,false,322,71c7dfc968b170043625868ee3ffa36d8e5167bb78fb53d9aa35f2c3825c0236,1,converted
5,lms-standard-error-clt,14,19,/home/liebert511/PS/LMS -Standard Error & Central Limit Theorem.pdf,e48f4981ed692c1842903f75195dab348596c8e963ceca174bfcd5e7e698c807,"Population, sample, standard error, central limit theorem",ok,xiaomi/mimo-v2.5,md/lms-standard-error-clt/p014.md,true,800,false,950,f81d702d899f8294cfbcf1907a38ff1b3c5eee583d47ea1dfdf545885a7748c2,1,converted
5,lms-standard-error-clt,15,19,/home/liebert511/PS/LMS -Standard Error & Central Limit Theorem.pdf,e48f4981ed692c1842903f75195dab348596c8e963ceca174bfcd5e7e698c807,"Population, sample, standard error, central limit theorem",ok,xiaomi/mimo-v2.5,md/lms-standard-error-clt/p015.md,true,324,false,341,92bdae58ac25c9ed7fcbfde4a814ca80ede83172d315c1557c62340a5ec39f27,1,converted
5,lms-standard-error-clt,16,19,/home/liebert511/PS/LMS -Standard Error & Central Limit Theorem.pdf,e48f4981ed692c1842903f75195dab348596c8e963ceca174bfcd5e7e698c807,"Population, sample, standard error, central limit theorem",ok,xiaomi/mimo-v2.5,md/lms-standard-error-clt/p016.md,true,777,false,890,9538569441e40b4befb02517833a64a205c6168fd57a2b25549c7a3fdb943e77,1,converted
5,lms-standard-error-clt,17,19,/home/liebert511/PS/LMS -Standard Error & Central Limit Theorem.pdf,e48f4981ed692c1842903f75195dab348596c8e963ceca174bfcd5e7e698c807,"Population, sample, standard error, central limit theorem",ok,xiaomi/mimo-v2.5,md/lms-standard-error-clt/p017.md,true,275,false,287,02f0429e28256e0ccb0e5fc675475965e77074ea82681506e07c304383e99b99,1,converted
5,lms-standard-error-clt,18,19,/home/liebert511/PS/LMS -Standard Error & Central Limit Theorem.pdf,e48f4981ed692c1842903f75195dab348596c8e963ceca174bfcd5e7e698c807,"Population, sample, standard error, central limit theorem",ok,xiaomi/mimo-v2.5,md/lms-standard-error-clt/p018.md,true,884,false,1033,8f903e70c520acc75d5fae6d1676bf02edc8b486874a97a03c4f8d6eae36021c,1,converted
5,lms-standard-error-clt,19,19,/home/liebert511/PS/LMS -Standard Error & Central Limit Theorem.pdf,e48f4981ed692c1842903f75195dab348596c8e963ceca174bfcd5e7e698c807,"Population, sample, standard error, central limit theorem",ok,xiaomi/mimo-v2.5,md/lms-standard-error-clt/p019.md,true,271,false,241,7b7955807ac513763f5b7961a2100e7ddf890065bb6ff8c360af919aaec623d4,0,converted
6,lms-method-of-moments,1,11,/home/liebert511/PS/LMS -Method of Moments(MOM).pdf,9abbabce952e5e086496f0046a01c2e00e25ee9bd93b85bd5d8755ab8756650a,"Method of moments, parameter estimation",ok,xiaomi/mimo-v2.5,md/lms-method-of-moments/p001.md,true,64,false,64,359712c18f5f5368d13ad0d532714f8c58850aa70e0638b14ac34d3238e95d63,0,converted
6,lms-method-of-moments,2,11,/home/liebert511/PS/LMS -Method of Moments(MOM).pdf,9abbabce952e5e086496f0046a01c2e00e25ee9bd93b85bd5d8755ab8756650a,"Method of moments, parameter estimation",ok,xiaomi/mimo-v2.5,md/lms-method-of-moments/p002.md,true,278,false,410,183090b4558ccec6cc90370bd47aa20267a29f3568cd5e39817dba1b8bdd3717,0,converted
6,lms-method-of-moments,3,11,/home/liebert511/PS/LMS -Method of Moments(MOM).pdf,9abbabce952e5e086496f0046a01c2e00e25ee9bd93b85bd5d8755ab8756650a,"Method of moments, parameter estimation",ok,xiaomi/mimo-v2.5,md/lms-method-of-moments/p003.md,true,295,false,272,754c04afe0590219aae00d8ef5d54b9c0888e45aed7f8673efddec257bca703d,0,converted
6,lms-method-of-moments,4,11,/home/liebert511/PS/LMS -Method of Moments(MOM).pdf,9abbabce952e5e086496f0046a01c2e00e25ee9bd93b85bd5d8755ab8756650a,"Method of moments, parameter estimation",ok,xiaomi/mimo-v2.5,md/lms-method-of-moments/p004.md,true,304,false,241,9d2eeb37d3f0c5ccd0a283a613c82625f4f3efa8c817c5949ecdfe840d8369a6,0,converted
6,lms-method-of-moments,5,11,/home/liebert511/PS/LMS -Method of Moments(MOM).pdf,9abbabce952e5e086496f0046a01c2e00e25ee9bd93b85bd5d8755ab8756650a,"Method of moments, parameter estimation",ok,xiaomi/mimo-v2.5,md/lms-method-of-moments/p005.md,true,371,false,223,b5b101b9f0c20236a3a6698244c098d691b39ab2fdfc2d2e824df203095f2c8a,0,converted
6,lms-method-of-moments,6,11,/home/liebert511/PS/LMS -Method of Moments(MOM).pdf,9abbabce952e5e086496f0046a01c2e00e25ee9bd93b85bd5d8755ab8756650a,"Method of moments, parameter estimation",ok,xiaomi/mimo-v2.5,md/lms-method-of-moments/p006.md,true,350,false,236,4a20ee3bb2ebc0cc7c0f43ceba8af6d676b1499c7138d2b97d63d616582af448,1,converted
6,lms-method-of-moments,7,11,/home/liebert511/PS/LMS -Method of Moments(MOM).pdf,9abbabce952e5e086496f0046a01c2e00e25ee9bd93b85bd5d8755ab8756650a,"Method of moments, parameter estimation",ok,xiaomi/mimo-v2.5,md/lms-method-of-moments/p007.md,true,368,false,169,97e2bcc0d135abab6f236f5b775ee346032e27cc0429acf35d22d7e29edc244b,1,converted
6,lms-method-of-moments,8,11,/home/liebert511/PS/LMS -Method of Moments(MOM).pdf,9abbabce952e5e086496f0046a01c2e00e25ee9bd93b85bd5d8755ab8756650a,"Method of moments, parameter estimation",ok,xiaomi/mimo-v2.5,md/lms-method-of-moments/p008.md,true,286,false,175,81297e46b2e0e035a44a28102955a34efdc56574bb39aec80ef4aa71cc82a8ef,1,converted
6,lms-method-of-moments,9,11,/home/liebert511/PS/LMS -Method of Moments(MOM).pdf,9abbabce952e5e086496f0046a01c2e00e25ee9bd93b85bd5d8755ab8756650a,"Method of moments, parameter estimation",ok,xiaomi/mimo-v2.5,md/lms-method-of-moments/p009.md,true,356,false,193,bb1114289f1120dea4421a278039424c114fd951b189d9f4e2c286cb0e99c0f3,1,converted
6,lms-method-of-moments,10,11,/home/liebert511/PS/LMS -Method of Moments(MOM).pdf,9abbabce952e5e086496f0046a01c2e00e25ee9bd93b85bd5d8755ab8756650a,"Method of moments, parameter estimation",ok,xiaomi/mimo-v2.5,md/lms-method-of-moments/p010.md,true,442,false,456,cd0076e6a48a80ac33bb11902c6773706e3b2c8def3784381979905016e23655,0,converted
6,lms-method-of-moments,11,11,/home/liebert511/PS/LMS -Method of Moments(MOM).pdf,9abbabce952e5e086496f0046a01c2e00e25ee9bd93b85bd5d8755ab8756650a,"Method of moments, parameter estimation",ok,xiaomi/mimo-v2.5,md/lms-method-of-moments/p011.md,true,456,false,436,90b1188bfc4386e1c7785f31e0c73f455738747cba46da60e3a6d6c57c599994,0,converted
7,lms-maximum-likelihood,1,16,/home/liebert511/PS/Maximum Likelihood Estimator(MLE).pdf,0723bb0d11d0cb8f7b71426985876131f2d558f3f2c0bbdcf84612828d341c24,Maximum likelihood estimation,ok,xiaomi/mimo-v2.5,md/lms-maximum-likelihood/p001.md,true,75,false,75,a64c9a45be40560e224c987b286a8f767afb9e0f9a7b56f8113a5dc5105441d7,0,converted
7,lms-maximum-likelihood,2,16,/home/liebert511/PS/Maximum Likelihood Estimator(MLE).pdf,0723bb0d11d0cb8f7b71426985876131f2d558f3f2c0bbdcf84612828d341c24,Maximum likelihood estimation,ok,xiaomi/mimo-v2.5,md/lms-maximum-likelihood/p002.md,true,192,false,200,e62df061663b4a616a3ad0814b6f910413a29aa15cb13fe7c6dbd0dbd0453dfc,0,converted
7,lms-maximum-likelihood,3,16,/home/liebert511/PS/Maximum Likelihood Estimator(MLE).pdf,0723bb0d11d0cb8f7b71426985876131f2d558f3f2c0bbdcf84612828d341c24,Maximum likelihood estimation,ok,xiaomi/mimo-v2.5,md/lms-maximum-likelihood/p003.md,true,492,false,397,38bd9dee79f9fbdf7e68155219869c41da793fef3060ebee9763e82efa39e637,0,converted
7,lms-maximum-likelihood,4,16,/home/liebert511/PS/Maximum Likelihood Estimator(MLE).pdf,0723bb0d11d0cb8f7b71426985876131f2d558f3f2c0bbdcf84612828d341c24,Maximum likelihood estimation,ok,xiaomi/mimo-v2.5,md/lms-maximum-likelihood/p004.md,true,535,false,553,715cca2d4197c0174cad270099fa767d5177f0f2d66bf9640955d27d5e98549c,0,converted
7,lms-maximum-likelihood,5,16,/home/liebert511/PS/Maximum Likelihood Estimator(MLE).pdf,0723bb0d11d0cb8f7b71426985876131f2d558f3f2c0bbdcf84612828d341c24,Maximum likelihood estimation,ok,xiaomi/mimo-v2.5,md/lms-maximum-likelihood/p005.md,true,514,false,530,15ff110cac220990adea9960e41cb8c0ccbb2cbba81db24bbbabf21f644248d6,0,converted
7,lms-maximum-likelihood,6,16,/home/liebert511/PS/Maximum Likelihood Estimator(MLE).pdf,0723bb0d11d0cb8f7b71426985876131f2d558f3f2c0bbdcf84612828d341c24,Maximum likelihood estimation,ok,xiaomi/mimo-v2.5,md/lms-maximum-likelihood/p006.md,true,723,false,713,2cd66adeabcc3376778c0e40e0b24186bb73700b92065153b98a52e02f970fa4,1,converted
7,lms-maximum-likelihood,7,16,/home/liebert511/PS/Maximum Likelihood Estimator(MLE).pdf,0723bb0d11d0cb8f7b71426985876131f2d558f3f2c0bbdcf84612828d341c24,Maximum likelihood estimation,ok,xiaomi/mimo-v2.5,md/lms-maximum-likelihood/p007.md,true,513,false,672,d8927d1fd86fc1581d002cd69e12680c1c937f2efa2b1e2dd1665a869fcd4b39,0,converted
7,lms-maximum-likelihood,8,16,/home/liebert511/PS/Maximum Likelihood Estimator(MLE).pdf,0723bb0d11d0cb8f7b71426985876131f2d558f3f2c0bbdcf84612828d341c24,Maximum likelihood estimation,ok,xiaomi/mimo-v2.5,md/lms-maximum-likelihood/p008.md,true,517,false,36,e8ad67b018a23b3bb04496182b15721facede9647a7c3c5cd96f2d758608b4ab,0,converted
7,lms-maximum-likelihood,9,16,/home/liebert511/PS/Maximum Likelihood Estimator(MLE).pdf,0723bb0d11d0cb8f7b71426985876131f2d558f3f2c0bbdcf84612828d341c24,Maximum likelihood estimation,ok,xiaomi/mimo-v2.5,md/lms-maximum-likelihood/p009.md,true,568,false,662,74d4e1ea8bdcc4cf316ea01d5b8e24a80b4ac9ad3ee17bd7bd27727cde082f7a,1,converted
7,lms-maximum-likelihood,10,16,/home/liebert511/PS/Maximum Likelihood Estimator(MLE).pdf,0723bb0d11d0cb8f7b71426985876131f2d558f3f2c0bbdcf84612828d341c24,Maximum likelihood estimation,ok,xiaomi/mimo-v2.5,md/lms-maximum-likelihood/p010.md,true,760,false,1825,72cf6dff0f5a522d305a527d16aea7a67c97816ebd862931774f75fe4961fe0f,0,converted
7,lms-maximum-likelihood,11,16,/home/liebert511/PS/Maximum Likelihood Estimator(MLE).pdf,0723bb0d11d0cb8f7b71426985876131f2d558f3f2c0bbdcf84612828d341c24,Maximum likelihood estimation,ok,xiaomi/mimo-v2.5,md/lms-maximum-likelihood/p011.md,true,975,false,1815,d57a08d7418c84ea6046ea8c6c74f05f0a3a9f2e79be12b725ed98e248c73b9f,1,converted
7,lms-maximum-likelihood,12,16,/home/liebert511/PS/Maximum Likelihood Estimator(MLE).pdf,0723bb0d11d0cb8f7b71426985876131f2d558f3f2c0bbdcf84612828d341c24,Maximum likelihood estimation,ok,xiaomi/mimo-v2.5,md/lms-maximum-likelihood/p012.md,true,651,false,36,e8ad67b018a23b3bb04496182b15721facede9647a7c3c5cd96f2d758608b4ab,0,converted
7,lms-maximum-likelihood,13,16,/home/liebert511/PS/Maximum Likelihood Estimator(MLE).pdf,0723bb0d11d0cb8f7b71426985876131f2d558f3f2c0bbdcf84612828d341c24,Maximum likelihood estimation,ok,xiaomi/mimo-v2.5,md/lms-maximum-likelihood/p013.md,true,1021,false,36,e8ad67b018a23b3bb04496182b15721facede9647a7c3c5cd96f2d758608b4ab,0,converted
7,lms-maximum-likelihood,14,16,/home/liebert511/PS/Maximum Likelihood Estimator(MLE).pdf,0723bb0d11d0cb8f7b71426985876131f2d558f3f2c0bbdcf84612828d341c24,Maximum likelihood estimation,ok,xiaomi/mimo-v2.5,md/lms-maximum-likelihood/p014.md,true,839,false,1562,6c778a5ff08b3a5dc5aa4e03be68afee6c849b415a2bd324b92eff0722c81784,1,converted
7,lms-maximum-likelihood,15,16,/home/liebert511/PS/Maximum Likelihood Estimator(MLE).pdf,0723bb0d11d0cb8f7b71426985876131f2d558f3f2c0bbdcf84612828d341c24,Maximum likelihood estimation,ok,xiaomi/mimo-v2.5,md/lms-maximum-likelihood/p015.md,true,611,false,1322,fd187d5a18e7f0d6bc4ec97f61bd3f7b3b55cbf151b0e500f403591c5daeb126,1,converted
7,lms-maximum-likelihood,16,16,/home/liebert511/PS/Maximum Likelihood Estimator(MLE).pdf,0723bb0d11d0cb8f7b71426985876131f2d558f3f2c0bbdcf84612828d341c24,Maximum likelihood estimation,ok,xiaomi/mimo-v2.5,md/lms-maximum-likelihood/p016.md,true,129,false,128,fe65def92091a6086a81c5bea36275c8dd01b94bd186a44282c6f3557c9e0e03,0,converted
8,notes-lecture-series-01-09,1,147,/home/liebert511/muj-academics/handouts/Lecture notes MAS2001_SnP_1_9.pdf,96e4e4053587c4e4aa8b7f63bac905f9d8b638e220df1d0aef6110f5f8bad34e,"Course lecture series 01 to 09, units 1 and 2 live here",ok,xiaomi/mimo-v2.5,md/notes-lecture-series-01-09/p001.md,true,880,false,460,5a1e613fad50404375346288c315a77abf394f5a0c2c03283c163af2dd787545,0,converted
8,notes-lecture-series-01-09,2,147,/home/liebert511/muj-academics/handouts/Lecture notes MAS2001_SnP_1_9.pdf,96e4e4053587c4e4aa8b7f63bac905f9d8b638e220df1d0aef6110f5f8bad34e,"Course lecture series 01 to 09, units 1 and 2 live here",ok,xiaomi/mimo-v2.5,md/notes-lecture-series-01-09/p002.md,true,95,false,190,42cd92daf5680301bb7702226fa319725fd3c2f5a0ca0a1e66dc9f8ffb3e1292,0,converted
8,notes-lecture-series-01-09,3,147,/home/liebert511/muj-academics/handouts/Lecture notes MAS2001_SnP_1_9.pdf,96e4e4053587c4e4aa8b7f63bac905f9d8b638e220df1d0aef6110f5f8bad34e,"Course lecture series 01 to 09, units 1 and 2 live here",ok,xiaomi/mimo-v2.5,md/notes-lecture-series-01-09/p003.md,true,238,false,296,0528aa6280011b6c2d85e067647eae3bcf561af11f2b5082895d779ade2cb8be,0,converted
8,notes-lecture-series-01-09,4,147,/home/liebert511/muj-academics/handouts/Lecture notes MAS2001_SnP_1_9.pdf,96e4e4053587c4e4aa8b7f63bac905f9d8b638e220df1d0aef6110f5f8bad34e,"Course lecture series 01 to 09, units 1 and 2 live here",ok,xiaomi/mimo-v2.5,md/notes-lecture-series-01-09/p004.md,true,162,false,308,bd12b93948b445902d0762bae2e21775f7a57444ca2920043b397a6f10df89bc,0,converted
8,notes-lecture-series-01-09,5,147,/home/liebert511/muj-academics/handouts/Lecture notes MAS2001_SnP_1_9.pdf,96e4e4053587c4e4aa8b7f63bac905f9d8b638e220df1d0aef6110f5f8bad34e,"Course lecture series 01 to 09, units 1 and 2 live here",ok,xiaomi/mimo-v2.5,md/notes-lecture-series-01-09/p005.md,true,950,false,1362,de7da1b5281fbee81e8171b3942563eca3c73c56d0e30d5c7fb268dceba7d09c,0,converted
8,notes-lecture-series-01-09,6,147,/home/liebert511/muj-academics/handouts/Lecture notes MAS2001_SnP_1_9.pdf,96e4e4053587c4e4aa8b7f63bac905f9d8b638e220df1d0aef6110f5f8bad34e,"Course lecture series 01 to 09, units 1 and 2 live here",ok,xiaomi/mimo-v2.5,md/notes-lecture-series-01-09/p006.md,true,612,false,856,62b4a0a9bc6edf7f225363e564c69db2e4a93d9d7a9e4f5c6cb68b4f5281ac00,0,converted
8,notes-lecture-series-01-09,7,147,/home/liebert511/muj-academics/handouts/Lecture notes MAS2001_SnP_1_9.pdf,96e4e4053587c4e4aa8b7f63bac905f9d8b638e220df1d0aef6110f5f8bad34e,"Course lecture series 01 to 09, units 1 and 2 live here",ok,xiaomi/mimo-v2.5,md/notes-lecture-series-01-09/p007.md,true,176,false,242,ac57b90924ef1850e25ecdcf8af68ca7bd6c572226ec2b8c563355c9da1ae1ef,0,converted
8,notes-lecture-series-01-09,8,147,/home/liebert511/muj-academics/handouts/Lecture notes MAS2001_SnP_1_9.pdf,96e4e4053587c4e4aa8b7f63bac905f9d8b638e220df1d0aef6110f5f8bad34e,"Course lecture series 01 to 09, units 1 and 2 live here",ok,xiaomi/mimo-v2.5,md/notes-lecture-series-01-09/p008.md,true,363,false,683,5561f05c80efe8d1ec4cf55e347d987f7274896006adb13113fc398df381c247,0,converted
8,notes-lecture-series-01-09,9,147,/home/liebert511/muj-academics/handouts/Lecture notes MAS2001_SnP_1_9.pdf,96e4e4053587c4e4aa8b7f63bac905f9d8b638e220df1d0aef6110f5f8bad34e,"Course lecture series 01 to 09, units 1 and 2 live here",ok,xiaomi/mimo-v2.5,md/notes-lecture-series-01-09/p009.md,true,1008,false,1513,1b2fcdf2c2289a76bd0ec0ce4b9bdf697bb5c5414fb89f23b1e2c2839ea3c231,0,converted
8,notes-lecture-series-01-09,10,147,/home/liebert511/muj-academics/handouts/Lecture notes MAS2001_SnP_1_9.pdf,96e4e4053587c4e4aa8b7f63bac905f9d8b638e220df1d0aef6110f5f8bad34e,"Course lecture series 01 to 09, units 1 and 2 live here",ok,xiaomi/mimo-v2.5,md/notes-lecture-series-01-09/p010.md,true,723,false,1074,88521d4c8b9bfe4f7b8fab62f9f5cf41b9b3cbd493309f95877b4490e44b2acf,0,converted
8,notes-lecture-series-01-09,11,147,/home/liebert511/muj-academics/handouts/Lecture notes MAS2001_SnP_1_9.pdf,96e4e4053587c4e4aa8b7f63bac905f9d8b638e220df1d0aef6110f5f8bad34e,"Course lecture series 01 to 09, units 1 and 2 live here",ok,xiaomi/mimo-v2.5,md/notes-lecture-series-01-09/p011.md,true,424,false,164,673ec63cd324fe8cfa4618630cd6ee158119bd97abae60a7670fe4167a86a4f0,0,converted
8,notes-lecture-series-01-09,12,147,/home/liebert511/muj-academics/handouts/Lecture notes MAS2001_SnP_1_9.pdf,96e4e4053587c4e4aa8b7f63bac905f9d8b638e220df1d0aef6110f5f8bad34e,"Course lecture series 01 to 09, units 1 and 2 live here",ok,xiaomi/mimo-v2.5,md/notes-lecture-series-01-09/p012.md,true,552,false,292,7b56ce21010e7ff8743c9cfb9860a2de6b532a9fb9908f9d37f60f59eb9e3f05,0,converted
8,notes-lecture-series-01-09,13,147,/home/liebert511/muj-academics/handouts/Lecture notes MAS2001_SnP_1_9.pdf,96e4e4053587c4e4aa8b7f63bac905f9d8b638e220df1d0aef6110f5f8bad34e,"Course lecture series 01 to 09, units 1 and 2 live here",ok,xiaomi/mimo-v2.5,md/notes-lecture-series-01-09/p013.md,true,127,false,26,2df5609f98c2b0c065b21a16d9b645c5ad467e5d8b82cc57baf4b40f5b799e46,0,converted
8,notes-lecture-series-01-09,14,147,/home/liebert511/muj-academics/handouts/Lecture notes MAS2001_SnP_1_9.pdf,96e4e4053587c4e4aa8b7f63bac905f9d8b638e220df1d0aef6110f5f8bad34e,"Course lecture series 01 to 09, units 1 and 2 live here",ok,xiaomi/mimo-v2.5,md/notes-lecture-series-01-09/p014.md,true,176,false,26,aa13f3501c3a75150249c74a9b327b76bbe64fa3a7cddf2a0ad2f633267c6552,0,converted
8,notes-lecture-series-01-09,15,147,/home/liebert511/muj-academics/handouts/Lecture notes MAS2001_SnP_1_9.pdf,96e4e4053587c4e4aa8b7f63bac905f9d8b638e220df1d0aef6110f5f8bad34e,"Course lecture series 01 to 09, units 1 and 2 live here",ok,xiaomi/mimo-v2.5,md/notes-lecture-series-01-09/p015.md,true,221,false,26,916bb013f82423328d7f71bf07a87be67142628de0dcae833f63b24827a3f0c1,0,converted
8,notes-lecture-series-01-09,16,147,/home/liebert511/muj-academics/handouts/Lecture notes MAS2001_SnP_1_9.pdf,96e4e4053587c4e4aa8b7f63bac905f9d8b638e220df1d0aef6110f5f8bad34e,"Course lecture series 01 to 09, units 1 and 2 live here",ok,xiaomi/mimo-v2.5,md/notes-lecture-series-01-09/p016.md,true,567,false,566,79112f41474d9a566ea47b4541dcd852f9bab6d2af8d86922c090816b6c715b8,0,converted
8,notes-lecture-series-01-09,17,147,/home/liebert511/muj-academics/handouts/Lecture notes MAS2001_SnP_1_9.pdf,96e4e4053587c4e4aa8b7f63bac905f9d8b638e220df1d0aef6110f5f8bad34e,"Course lecture series 01 to 09, units 1 and 2 live here",ok,xiaomi/mimo-v2.5,md/notes-lecture-series-01-09/p017.md,true,417,false,214,1d28f1677372b85c6ff72425c0dc2e193fbfaedd5f0121795dc3d8201de0fa92,0,converted
8,notes-lecture-series-01-09,18,147,/home/liebert511/muj-academics/handouts/Lecture notes MAS2001_SnP_1_9.pdf,96e4e4053587c4e4aa8b7f63bac905f9d8b638e220df1d0aef6110f5f8bad34e,"Course lecture series 01 to 09, units 1 and 2 live here",ok,xiaomi/mimo-v2.5,md/notes-lecture-series-01-09/p018.md,true,241,false,26,de0d7876455363d6e75ff4675f6b4bde8f1149f22e257d8b16017695ad0032fb,0,converted
8,notes-lecture-series-01-09,19,147,/home/liebert511/muj-academics/handouts/Lecture notes MAS2001_SnP_1_9.pdf,96e4e4053587c4e4aa8b7f63bac905f9d8b638e220df1d0aef6110f5f8bad34e,"Course lecture series 01 to 09, units 1 and 2 live here",ok,xiaomi/mimo-v2.5,md/notes-lecture-series-01-09/p019.md,true,175,false,26,d292a5aa502baca4a4656985065beaba69618ab96e26f3c54ccef08c2f4bf066,0,converted
8,notes-lecture-series-01-09,20,147,/home/liebert511/muj-academics/handouts/Lecture notes MAS2001_SnP_1_9.pdf,96e4e4053587c4e4aa8b7f63bac905f9d8b638e220df1d0aef6110f5f8bad34e,"Course lecture series 01 to 09, units 1 and 2 live here",ok,xiaomi/mimo-v2.5,md/notes-lecture-series-01-09/p020.md,true,521,false,842,78ff4f56387387091e0e46a9335ac358d172c0f4a34a07fa732de06d0c5daa43,0,converted
8,notes-lecture-series-01-09,21,147,/home/liebert511/muj-academics/handouts/Lecture notes MAS2001_SnP_1_9.pdf,96e4e4053587c4e4aa8b7f63bac905f9d8b638e220df1d0aef6110f5f8bad34e,"Course lecture series 01 to 09, units 1 and 2 live here",ok,xiaomi/mimo-v2.5,md/notes-lecture-series-01-09/p021.md,true,201,false,331,1538d0dcfd915615151dac1c1a995e459602c94588378bfb82368786783b76ff,0,converted
8,notes-lecture-series-01-09,22,147,/home/liebert511/muj-academics/handouts/Lecture notes MAS2001_SnP_1_9.pdf,96e4e4053587c4e4aa8b7f63bac905f9d8b638e220df1d0aef6110f5f8bad34e,"Course lecture series 01 to 09, units 1 and 2 live here",ok,xiaomi/mimo-v2.5,md/notes-lecture-series-01-09/p022.md,true,451,false,661,903a5238597021e85cb55419fe664b3babcec967ea4f20ee44ff941eccbb434e,0,converted
8,notes-lecture-series-01-09,23,147,/home/liebert511/muj-academics/handouts/Lecture notes MAS2001_SnP_1_9.pdf,96e4e4053587c4e4aa8b7f63bac905f9d8b638e220df1d0aef6110f5f8bad34e,"Course lecture series 01 to 09, units 1 and 2 live here",ok,xiaomi/mimo-v2.5,md/notes-lecture-series-01-09/p023.md,true,615,false,1049,7b42be5ddf2c52351d1de61ca6829682cdb7bfe1889e1194558f4b4f6d3da430,0,converted
8,notes-lecture-series-01-09,24,147,/home/liebert511/muj-academics/handouts/Lecture notes MAS2001_SnP_1_9.pdf,96e4e4053587c4e4aa8b7f63bac905f9d8b638e220df1d0aef6110f5f8bad34e,"Course lecture series 01 to 09, units 1 and 2 live here",ok,xiaomi/mimo-v2.5,md/notes-lecture-series-01-09/p024.md,true,532,false,1152,793ee15148d30aa47d7afa56db0217f97333df42f1eed131862ab2b81457651b,4,converted
8,notes-lecture-series-01-09,25,147,/home/liebert511/muj-academics/handouts/Lecture notes MAS2001_SnP_1_9.pdf,96e4e4053587c4e4aa8b7f63bac905f9d8b638e220df1d0aef6110f5f8bad34e,"Course lecture series 01 to 09, units 1 and 2 live here",ok,xiaomi/mimo-v2.5,md/notes-lecture-series-01-09/p025.md,true,753,false,1460,288c8525527219ead9f343fbc73cb4da6b4bf3e87d41267c234cedade2d1d6fb,1,converted
8,notes-lecture-series-01-09,26,147,/home/liebert511/muj-academics/handouts/Lecture notes MAS2001_SnP_1_9.pdf,96e4e4053587c4e4aa8b7f63bac905f9d8b638e220df1d0aef6110f5f8bad34e,"Course lecture series 01 to 09, units 1 and 2 live here",ok,xiaomi/mimo-v2.5,md/notes-lecture-series-01-09/p026.md,true,317,false,65,ecf8fe1f34cbae0de8dba58fb028b80a95111d61f2df305fe7a75141a40fb3d9,0,converted
8,notes-lecture-series-01-09,27,147,/home/liebert511/muj-academics/handouts/Lecture notes MAS2001_SnP_1_9.pdf,96e4e4053587c4e4aa8b7f63bac905f9d8b638e220df1d0aef6110f5f8bad34e,"Course lecture series 01 to 09, units 1 and 2 live here",ok,xiaomi/mimo-v2.5,md/notes-lecture-series-01-09/p027.md,true,715,false,1173,707dc5fb53d39cc577a52da47d73ccac5176cfd1b4c4dc3f316634cb054b3f32,1,converted
8,notes-lecture-series-01-09,28,147,/home/liebert511/muj-academics/handouts/Lecture notes MAS2001_SnP_1_9.pdf,96e4e4053587c4e4aa8b7f63bac905f9d8b638e220df1d0aef6110f5f8bad34e,"Course lecture series 01 to 09, units 1 and 2 live here",ok,xiaomi/mimo-v2.5,md/notes-lecture-series-01-09/p028.md,true,572,false,149,a5db6ca8b578303b607ded1cad2e0ea505efb31afb1fffd87373ac5a2c8d3fce,0,converted
8,notes-lecture-series-01-09,29,147,/home/liebert511/muj-academics/handouts/Lecture notes MAS2001_SnP_1_9.pdf,96e4e4053587c4e4aa8b7f63bac905f9d8b638e220df1d0aef6110f5f8bad34e,"Course lecture series 01 to 09, units 1 and 2 live here",ok,xiaomi/mimo-v2.5,md/notes-lecture-series-01-09/p029.md,true,48,false,51,b465fe6cf228af04c3b713cd0ff162b1434551613895d8b1c17f2bc0b0ae0e30,0,converted
8,notes-lecture-series-01-09,30,147,/home/liebert511/muj-academics/handouts/Lecture notes MAS2001_SnP_1_9.pdf,96e4e4053587c4e4aa8b7f63bac905f9d8b638e220df1d0aef6110f5f8bad34e,"Course lecture series 01 to 09, units 1 and 2 live here",ok,xiaomi/mimo-v2.5,md/notes-lecture-series-01-09/p030.md,true,304,false,331,c3206b577918f4a463fc1b08db741c075964eb6ecdef47f948080826e7d007b4,0,converted
8,notes-lecture-series-01-09,31,147,/home/liebert511/muj-academics/handouts/Lecture notes MAS2001_SnP_1_9.pdf,96e4e4053587c4e4aa8b7f63bac905f9d8b638e220df1d0aef6110f5f8bad34e,"Course lecture series 01 to 09, units 1 and 2 live here",ok,xiaomi/mimo-v2.5,md/notes-lecture-series-01-09/p031.md,true,64,false,72,fe55f79e8acedfed543688f7b72ef28308f5421471fb0b3eb811d34dfe40a322,0,converted
8,notes-lecture-series-01-09,32,147,/home/liebert511/muj-academics/handouts/Lecture notes MAS2001_SnP_1_9.pdf,96e4e4053587c4e4aa8b7f63bac905f9d8b638e220df1d0aef6110f5f8bad34e,"Course lecture series 01 to 09, units 1 and 2 live here",ok,xiaomi/mimo-v2.5,md/notes-lecture-series-01-09/p032.md,true,363,false,393,2708ec748973ef4ff558fa90eef6a37c22f5567ba86e14d62493308a9ffe6445,0,converted
8,notes-lecture-series-01-09,33,147,/home/liebert511/muj-academics/handouts/Lecture notes MAS2001_SnP_1_9.pdf,96e4e4053587c4e4aa8b7f63bac905f9d8b638e220df1d0aef6110f5f8bad34e,"Course lecture series 01 to 09, units 1 and 2 live here",ok,xiaomi/mimo-v2.5,md/notes-lecture-series-01-09/p033.md,true,399,false,417,c6fd643e1761f894c08dc6aee53f10f14b1b9af96419a7ea0f85a84f33dea115,0,converted
8,notes-lecture-series-01-09,34,147,/home/liebert511/muj-academics/handouts/Lecture notes MAS2001_SnP_1_9.pdf,96e4e4053587c4e4aa8b7f63bac905f9d8b638e220df1d0aef6110f5f8bad34e,"Course lecture series 01 to 09, units 1 and 2 live here",ok,xiaomi/mimo-v2.5,md/notes-lecture-series-01-09/p034.md,true,235,false,238,b7c804b7968350664066427b9e7b7f77bc97f7573f376d87ab5dc53d5a111397,0,converted
8,notes-lecture-series-01-09,35,147,/home/liebert511/muj-academics/handouts/Lecture notes MAS2001_SnP_1_9.pdf,96e4e4053587c4e4aa8b7f63bac905f9d8b638e220df1d0aef6110f5f8bad34e,"Course lecture series 01 to 09, units 1 and 2 live here",ok,xiaomi/mimo-v2.5,md/notes-lecture-series-01-09/p035.md,true,378,false,360,4e55e51e495f04d690a24f58aebc7d90846f7d56d77be57efd2c6cf287974fd7,0,converted
8,notes-lecture-series-01-09,36,147,/home/liebert511/muj-academics/handouts/Lecture notes MAS2001_SnP_1_9.pdf,96e4e4053587c4e4aa8b7f63bac905f9d8b638e220df1d0aef6110f5f8bad34e,"Course lecture series 01 to 09, units 1 and 2 live here",ok,xiaomi/mimo-v2.5,md/notes-lecture-series-01-09/p036.md,true,350,false,377,465f564e05dc46e408d1976cbe6bba6008263a0986153581137468de6194062d,0,converted
8,notes-lecture-series-01-09,37,147,/home/liebert511/muj-academics/handouts/Lecture notes MAS2001_SnP_1_9.pdf,96e4e4053587c4e4aa8b7f63bac905f9d8b638e220df1d0aef6110f5f8bad34e,"Course lecture series 01 to 09, units 1 and 2 live here",ok,xiaomi/mimo-v2.5,md/notes-lecture-series-01-09/p037.md,true,199,false,241,f977ecf05c7b8c04780a42c0802c97c182f6f3f78528187d2f0628f54e568548,0,converted
8,notes-lecture-series-01-09,38,147,/home/liebert511/muj-academics/handouts/Lecture notes MAS2001_SnP_1_9.pdf,96e4e4053587c4e4aa8b7f63bac905f9d8b638e220df1d0aef6110f5f8bad34e,"Course lecture series 01 to 09, units 1 and 2 live here",ok,xiaomi/mimo-v2.5,md/notes-lecture-series-01-09/p038.md,true,350,false,420,302b98d19e0dfa1e88c780e5570f7c65b3b5bd9d002a06dafa74a72a69351dd7,0,converted
8,notes-lecture-series-01-09,39,147,/home/liebert511/muj-academics/handouts/Lecture notes MAS2001_SnP_1_9.pdf,96e4e4053587c4e4aa8b7f63bac905f9d8b638e220df1d0aef6110f5f8bad34e,"Course lecture series 01 to 09, units 1 and 2 live here",ok,xiaomi/mimo-v2.5,md/notes-lecture-series-01-09/p039.md,true,819,false,79,b686a035a6eba109691ec4f0d1539813adee340a073e12eec2b481c55bdef444,0,converted
8,notes-lecture-series-01-09,40,147,/home/liebert511/muj-academics/handouts/Lecture notes MAS2001_SnP_1_9.pdf,96e4e4053587c4e4aa8b7f63bac905f9d8b638e220df1d0aef6110f5f8bad34e,"Course lecture series 01 to 09, units 1 and 2 live here",ok,xiaomi/mimo-v2.5,md/notes-lecture-series-01-09/p040.md,true,412,false,79,c9e6815c7b255507987b789ef00e819a5b61a948a64cb59b12bf87f8c5fb85e0,0,converted
8,notes-lecture-series-01-09,41,147,/home/liebert511/muj-academics/handouts/Lecture notes MAS2001_SnP_1_9.pdf,96e4e4053587c4e4aa8b7f63bac905f9d8b638e220df1d0aef6110f5f8bad34e,"Course lecture series 01 to 09, units 1 and 2 live here",ok,xiaomi/mimo-v2.5,md/notes-lecture-series-01-09/p041.md,true,716,false,26,f573fafb9ee16379d6382d190455cafa59a066cb08e824b1784e682555ad436e,0,converted
8,notes-lecture-series-01-09,42,147,/home/liebert511/muj-academics/handouts/Lecture notes MAS2001_SnP_1_9.pdf,96e4e4053587c4e4aa8b7f63bac905f9d8b638e220df1d0aef6110f5f8bad34e,"Course lecture series 01 to 09, units 1 and 2 live here",ok,xiaomi/mimo-v2.5,md/notes-lecture-series-01-09/p042.md,true,704,false,26,b8097c0cf195e1e3ccef22f4f6880d813c81d3c24833ebb751a1e37e3d266bf9,0,converted
8,notes-lecture-series-01-09,43,147,/home/liebert511/muj-academics/handouts/Lecture notes MAS2001_SnP_1_9.pdf,96e4e4053587c4e4aa8b7f63bac905f9d8b638e220df1d0aef6110f5f8bad34e,"Course lecture series 01 to 09, units 1 and 2 live here",ok,xiaomi/mimo-v2.5,md/notes-lecture-series-01-09/p043.md,true,453,false,26,8523a5e9b6d67cb0786d71f40ea6778c6dc723f7ecbac3c71e4f78a666f77986,0,converted
8,notes-lecture-series-01-09,44,147,/home/liebert511/muj-academics/handouts/Lecture notes MAS2001_SnP_1_9.pdf,96e4e4053587c4e4aa8b7f63bac905f9d8b638e220df1d0aef6110f5f8bad34e,"Course lecture series 01 to 09, units 1 and 2 live here",ok,xiaomi/mimo-v2.5,md/notes-lecture-series-01-09/p044.md,true,437,false,435,06db298bb3d6016134b4b0021036037b5323076b6450143945d20a2e0efa32cf,0,converted
8,notes-lecture-series-01-09,45,147,/home/liebert511/muj-academics/handouts/Lecture notes MAS2001_SnP_1_9.pdf,96e4e4053587c4e4aa8b7f63bac905f9d8b638e220df1d0aef6110f5f8bad34e,"Course lecture series 01 to 09, units 1 and 2 live here",ok,xiaomi/mimo-v2.5,md/notes-lecture-series-01-09/p045.md,true,341,false,57,4d065adf2a53bc07992c48be46414688741068b77a922476526328d5befb02dc,0,converted
8,notes-lecture-series-01-09,46,147,/home/liebert511/muj-academics/handouts/Lecture notes MAS2001_SnP_1_9.pdf,96e4e4053587c4e4aa8b7f63bac905f9d8b638e220df1d0aef6110f5f8bad34e,"Course lecture series 01 to 09, units 1 and 2 live here",ok,xiaomi/mimo-v2.5,md/notes-lecture-series-01-09/p046.md,true,898,false,945,e5fd6673862990a67a11007a54bc49a1c79e33819f829f9801a50de74f70f40e,0,converted
8,notes-lecture-series-01-09,47,147,/home/liebert511/muj-academics/handouts/Lecture notes MAS2001_SnP_1_9.pdf,96e4e4053587c4e4aa8b7f63bac905f9d8b638e220df1d0aef6110f5f8bad34e,"Course lecture series 01 to 09, units 1 and 2 live here",ok,xiaomi/mimo-v2.5,md/notes-lecture-series-01-09/p047.md,true,1596,false,1020,a66726ea3dfd3f461a08c9b83695ec0137f7983c3cd580bd75f309e814ebf11a,0,converted
8,notes-lecture-series-01-09,48,147,/home/liebert511/muj-academics/handouts/Lecture notes MAS2001_SnP_1_9.pdf,96e4e4053587c4e4aa8b7f63bac905f9d8b638e220df1d0aef6110f5f8bad34e,"Course lecture series 01 to 09, units 1 and 2 live here",ok,xiaomi/mimo-v2.5,md/notes-lecture-series-01-09/p048.md,true,671,false,762,2aa5804f0aaea69d89e68a33b054accb7b7194084c8059fff03b4302a6f61b1a,1,converted
8,notes-lecture-series-01-09,49,147,/home/liebert511/muj-academics/handouts/Lecture notes MAS2001_SnP_1_9.pdf,96e4e4053587c4e4aa8b7f63bac905f9d8b638e220df1d0aef6110f5f8bad34e,"Course lecture series 01 to 09, units 1 and 2 live here",ok,xiaomi/mimo-v2.5,md/notes-lecture-series-01-09/p049.md,true,1689,false,805,56c5f5ae30896f85b40dfd2296f30ca524c91691f6a168f1852b7c8cd72ca305,0,converted
8,notes-lecture-series-01-09,50,147,/home/liebert511/muj-academics/handouts/Lecture notes MAS2001_SnP_1_9.pdf,96e4e4053587c4e4aa8b7f63bac905f9d8b638e220df1d0aef6110f5f8bad34e,"Course lecture series 01 to 09, units 1 and 2 live here",ok,xiaomi/mimo-v2.5,md/notes-lecture-series-01-09/p050.md,true,1023,false,99,2d4721b8289e312da753f10dfaf5e2e989abdc2f3dc1076fabceca1d006f8e68,1,converted
8,notes-lecture-series-01-09,51,147,/home/liebert511/muj-academics/handouts/Lecture notes MAS2001_SnP_1_9.pdf,96e4e4053587c4e4aa8b7f63bac905f9d8b638e220df1d0aef6110f5f8bad34e,"Course lecture series 01 to 09, units 1 and 2 live here",ok,xiaomi/mimo-v2.5,md/notes-lecture-series-01-09/p051.md,true,354,false,266,7906f79d85951b94fa578d1cfd6dc96f8a090034a1718159f944ce2d7adcfef3,0,converted
8,notes-lecture-series-01-09,52,147,/home/liebert511/muj-academics/handouts/Lecture notes MAS2001_SnP_1_9.pdf,96e4e4053587c4e4aa8b7f63bac905f9d8b638e220df1d0aef6110f5f8bad34e,"Course lecture series 01 to 09, units 1 and 2 live here",ok,xiaomi/mimo-v2.5,md/notes-lecture-series-01-09/p052.md,true,334,false,392,5af20e09971dd05b776f782ecd1b4f92c47a59904139c03f501e68e81164c0ee,1,converted
8,notes-lecture-series-01-09,53,147,/home/liebert511/muj-academics/handouts/Lecture notes MAS2001_SnP_1_9.pdf,96e4e4053587c4e4aa8b7f63bac905f9d8b638e220df1d0aef6110f5f8bad34e,"Course lecture series 01 to 09, units 1 and 2 live here",ok,xiaomi/mimo-v2.5,md/notes-lecture-series-01-09/p053.md,true,316,false,46,9438259cf5a5357d8478d3321487b3e03f0f80f4387cbf8a3276c7bc58007cbe,0,converted
8,notes-lecture-series-01-09,54,147,/home/liebert511/muj-academics/handouts/Lecture notes MAS2001_SnP_1_9.pdf,96e4e4053587c4e4aa8b7f63bac905f9d8b638e220df1d0aef6110f5f8bad34e,"Course lecture series 01 to 09, units 1 and 2 live here",ok,xiaomi/mimo-v2.5,md/notes-lecture-series-01-09/p054.md,true,380,false,46,da56663c572679df75e8697290120990d56e6ce7294d282a6f527d2060ff817a,0,converted
8,notes-lecture-series-01-09,55,147,/home/liebert511/muj-academics/handouts/Lecture notes MAS2001_SnP_1_9.pdf,96e4e4053587c4e4aa8b7f63bac905f9d8b638e220df1d0aef6110f5f8bad34e,"Course lecture series 01 to 09, units 1 and 2 live here",ok,xiaomi/mimo-v2.5,md/notes-lecture-series-01-09/p055.md,true,224,false,46,14bba8c5d4bd56efcb02628c43acb380d2cacc719d6ba61737f6869aa81a82c4,0,converted
8,notes-lecture-series-01-09,56,147,/home/liebert511/muj-academics/handouts/Lecture notes MAS2001_SnP_1_9.pdf,96e4e4053587c4e4aa8b7f63bac905f9d8b638e220df1d0aef6110f5f8bad34e,"Course lecture series 01 to 09, units 1 and 2 live here",ok,xiaomi/mimo-v2.5,md/notes-lecture-series-01-09/p056.md,true,419,false,46,aefb639466ae062714364ad1bccf810a5a0b0d832ed690f3cad71ded0b884ca5,0,converted
8,notes-lecture-series-01-09,57,147,/home/liebert511/muj-academics/handouts/Lecture notes MAS2001_SnP_1_9.pdf,96e4e4053587c4e4aa8b7f63bac905f9d8b638e220df1d0aef6110f5f8bad34e,"Course lecture series 01 to 09, units 1 and 2 live here",ok,xiaomi/mimo-v2.5,md/notes-lecture-series-01-09/p057.md,true,370,false,46,40cd1976206bccd1d72ce6bb436c5377b26a90323db9a5cfb9313bbe6f579499,0,converted
8,notes-lecture-series-01-09,58,147,/home/liebert511/muj-academics/handouts/Lecture notes MAS2001_SnP_1_9.pdf,96e4e4053587c4e4aa8b7f63bac905f9d8b638e220df1d0aef6110f5f8bad34e,"Course lecture series 01 to 09, units 1 and 2 live here",ok,xiaomi/mimo-v2.5,md/notes-lecture-series-01-09/p058.md,true,231,false,46,bc5913895e1cfe6e9f97dff94674140a2b1adc26efa70f0eef752204cd162db2,0,converted
8,notes-lecture-series-01-09,59,147,/home/liebert511/muj-academics/handouts/Lecture notes MAS2001_SnP_1_9.pdf,96e4e4053587c4e4aa8b7f63bac905f9d8b638e220df1d0aef6110f5f8bad34e,"Course lecture series 01 to 09, units 1 and 2 live here",ok,xiaomi/mimo-v2.5,md/notes-lecture-series-01-09/p059.md,true,316,false,46,2086a2e2aa277f2e699cc526c840b888a1ef3ea6b16ae5c7ba7e319869b990cd,0,converted
8,notes-lecture-series-01-09,60,147,/home/liebert511/muj-academics/handouts/Lecture notes MAS2001_SnP_1_9.pdf,96e4e4053587c4e4aa8b7f63bac905f9d8b638e220df1d0aef6110f5f8bad34e,"Course lecture series 01 to 09, units 1 and 2 live here",ok,xiaomi/mimo-v2.5,md/notes-lecture-series-01-09/p060.md,true,211,false,61,a9d23689cdfb6bacffd97e420c30acff9a66cd79db517bc856a7923d13a253e5,0,converted
8,notes-lecture-series-01-09,61,147,/home/liebert511/muj-academics/handouts/Lecture notes MAS2001_SnP_1_9.pdf,96e4e4053587c4e4aa8b7f63bac905f9d8b638e220df1d0aef6110f5f8bad34e,"Course lecture series 01 to 09, units 1 and 2 live here",ok,xiaomi/mimo-v2.5,md/notes-lecture-series-01-09/p061.md,true,179,false,46,c83ca5fecc53b2b5f9ff846a87b50a01cf1ed74aea15ea82ffbc9e6e3db17ce6,0,converted
8,notes-lecture-series-01-09,62,147,/home/liebert511/muj-academics/handouts/Lecture notes MAS2001_SnP_1_9.pdf,96e4e4053587c4e4aa8b7f63bac905f9d8b638e220df1d0aef6110f5f8bad34e,"Course lecture series 01 to 09, units 1 and 2 live here",ok,xiaomi/mimo-v2.5,md/notes-lecture-series-01-09/p062.md,true,154,false,46,e40c8ad773f53fd540eda1f20001372c773e36447e989263a95837d0d6304f65,0,converted
8,notes-lecture-series-01-09,63,147,/home/liebert511/muj-academics/handouts/Lecture notes MAS2001_SnP_1_9.pdf,96e4e4053587c4e4aa8b7f63bac905f9d8b638e220df1d0aef6110f5f8bad34e,"Course lecture series 01 to 09, units 1 and 2 live here",ok,xiaomi/mimo-v2.5,md/notes-lecture-series-01-09/p063.md,true,748,false,831,d08d67c384f88f2f0e7530dd02395b42214254f26b8a76b6efa16c146954b08d,0,converted
8,notes-lecture-series-01-09,64,147,/home/liebert511/muj-academics/handouts/Lecture notes MAS2001_SnP_1_9.pdf,96e4e4053587c4e4aa8b7f63bac905f9d8b638e220df1d0aef6110f5f8bad34e,"Course lecture series 01 to 09, units 1 and 2 live here",ok,xiaomi/mimo-v2.5,md/notes-lecture-series-01-09/p064.md,true,658,false,705,f56a92029f007f11949c2effd7113d776ed5597481dc6841d19b67b7aa999b02,0,converted
8,notes-lecture-series-01-09,65,147,/home/liebert511/muj-academics/handouts/Lecture notes MAS2001_SnP_1_9.pdf,96e4e4053587c4e4aa8b7f63bac905f9d8b638e220df1d0aef6110f5f8bad34e,"Course lecture series 01 to 09, units 1 and 2 live here",ok,xiaomi/mimo-v2.5,md/notes-lecture-series-01-09/p065.md,true,719,false,371,0b06fdbd8938463238074a9e635e17f2a2c16c203902370c9199c7e5eafc0440,1,converted
8,notes-lecture-series-01-09,66,147,/home/liebert511/muj-academics/handouts/Lecture notes MAS2001_SnP_1_9.pdf,96e4e4053587c4e4aa8b7f63bac905f9d8b638e220df1d0aef6110f5f8bad34e,"Course lecture series 01 to 09, units 1 and 2 live here",ok,xiaomi/mimo-v2.5,md/notes-lecture-series-01-09/p066.md,true,475,false,88,ad7b041b9c06483ce2a0c59e6e22cc2c3d2d255bf3354d6e471192d9aee44fc0,1,converted
8,notes-lecture-series-01-09,67,147,/home/liebert511/muj-academics/handouts/Lecture notes MAS2001_SnP_1_9.pdf,96e4e4053587c4e4aa8b7f63bac905f9d8b638e220df1d0aef6110f5f8bad34e,"Course lecture series 01 to 09, units 1 and 2 live here",ok,xiaomi/mimo-v2.5,md/notes-lecture-series-01-09/p067.md,true,538,false,87,c2df107fe9acfb9bff56a9a65aeed17ab5f75dc1649a878d7a591ac9dfc3f01d,1,converted
8,notes-lecture-series-01-09,68,147,/home/liebert511/muj-academics/handouts/Lecture notes MAS2001_SnP_1_9.pdf,96e4e4053587c4e4aa8b7f63bac905f9d8b638e220df1d0aef6110f5f8bad34e,"Course lecture series 01 to 09, units 1 and 2 live here",ok,xiaomi/mimo-v2.5,md/notes-lecture-series-01-09/p068.md,true,453,false,59,5f918d2369603ad1458b9626c168a78541d4ad0aae8a16b4e10721eef7a8296d,0,converted
8,notes-lecture-series-01-09,69,147,/home/liebert511/muj-academics/handouts/Lecture notes MAS2001_SnP_1_9.pdf,96e4e4053587c4e4aa8b7f63bac905f9d8b638e220df1d0aef6110f5f8bad34e,"Course lecture series 01 to 09, units 1 and 2 live here",ok,xiaomi/mimo-v2.5,md/notes-lecture-series-01-09/p069.md,true,457,false,171,2fd636629851d9444c45d59867779744d58c92bc8ff71ee7dd9f0f9b8e8a0462,0,converted
8,notes-lecture-series-01-09,70,147,/home/liebert511/muj-academics/handouts/Lecture notes MAS2001_SnP_1_9.pdf,96e4e4053587c4e4aa8b7f63bac905f9d8b638e220df1d0aef6110f5f8bad34e,"Course lecture series 01 to 09, units 1 and 2 live here",ok,xiaomi/mimo-v2.5,md/notes-lecture-series-01-09/p070.md,true,701,false,87,110e42405657ae9607cd1102c470170cded60d83359e0faa7e1e518b5ad60ec6,1,converted
8,notes-lecture-series-01-09,71,147,/home/liebert511/muj-academics/handouts/Lecture notes MAS2001_SnP_1_9.pdf,96e4e4053587c4e4aa8b7f63bac905f9d8b638e220df1d0aef6110f5f8bad34e,"Course lecture series 01 to 09, units 1 and 2 live here",ok,xiaomi/mimo-v2.5,md/notes-lecture-series-01-09/p071.md,true,364,false,59,774526d7c1cc88b638aa9a1f68e0d02a001071eb0267be095e98611e26760d72,0,converted
8,notes-lecture-series-01-09,72,147,/home/liebert511/muj-academics/handouts/Lecture notes MAS2001_SnP_1_9.pdf,96e4e4053587c4e4aa8b7f63bac905f9d8b638e220df1d0aef6110f5f8bad34e,"Course lecture series 01 to 09, units 1 and 2 live here",ok,xiaomi/mimo-v2.5,md/notes-lecture-series-01-09/p072.md,true,758,false,87,2e8ba0a54b2f009f7e984488d8842c2e6183d6edf61f32264a28de5f8c07e947,1,converted
8,notes-lecture-series-01-09,73,147,/home/liebert511/muj-academics/handouts/Lecture notes MAS2001_SnP_1_9.pdf,96e4e4053587c4e4aa8b7f63bac905f9d8b638e220df1d0aef6110f5f8bad34e,"Course lecture series 01 to 09, units 1 and 2 live here",ok,xiaomi/mimo-v2.5,md/notes-lecture-series-01-09/p073.md,true,586,false,59,b79a663d31a66fff51a6f0fc2bf66468d6dcf139a3d08e49f37011dc00ab5aad,0,converted
8,notes-lecture-series-01-09,74,147,/home/liebert511/muj-academics/handouts/Lecture notes MAS2001_SnP_1_9.pdf,96e4e4053587c4e4aa8b7f63bac905f9d8b638e220df1d0aef6110f5f8bad34e,"Course lecture series 01 to 09, units 1 and 2 live here",ok,xiaomi/mimo-v2.5,md/notes-lecture-series-01-09/p074.md,true,359,false,139,dc7c2421e6163dfeb7d8fb6d79f22172b302d13fc908c2a823a45bad906dd141,0,converted
8,notes-lecture-series-01-09,75,147,/home/liebert511/muj-academics/handouts/Lecture notes MAS2001_SnP_1_9.pdf,96e4e4053587c4e4aa8b7f63bac905f9d8b638e220df1d0aef6110f5f8bad34e,"Course lecture series 01 to 09, units 1 and 2 live here",ok,xiaomi/mimo-v2.5,md/notes-lecture-series-01-09/p075.md,true,168,false,59,c79ac5b4c60ab4f9234c7c761607823ad2d5d7f5b48c906783474501ccfb06ac,0,converted
8,notes-lecture-series-01-09,76,147,/home/liebert511/muj-academics/handouts/Lecture notes MAS2001_SnP_1_9.pdf,96e4e4053587c4e4aa8b7f63bac905f9d8b638e220df1d0aef6110f5f8bad34e,"Course lecture series 01 to 09, units 1 and 2 live here",ok,xiaomi/mimo-v2.5,md/notes-lecture-series-01-09/p076.md,true,173,false,59,9c9488b719634b2261ed0e90f73c8296073b3d8ccffa760515cac7dd6581d08c,0,converted
8,notes-lecture-series-01-09,77,147,/home/liebert511/muj-academics/handouts/Lecture notes MAS2001_SnP_1_9.pdf,96e4e4053587c4e4aa8b7f63bac905f9d8b638e220df1d0aef6110f5f8bad34e,"Course lecture series 01 to 09, units 1 and 2 live here",ok,xiaomi/mimo-v2.5,md/notes-lecture-series-01-09/p077.md,true,994,false,59,f69f681f810154977aa0b89c59909d267f89da3cea1e9140a4b84388082ec422,0,converted
8,notes-lecture-series-01-09,78,147,/home/liebert511/muj-academics/handouts/Lecture notes MAS2001_SnP_1_9.pdf,96e4e4053587c4e4aa8b7f63bac905f9d8b638e220df1d0aef6110f5f8bad34e,"Course lecture series 01 to 09, units 1 and 2 live here",ok,xiaomi/mimo-v2.5,md/notes-lecture-series-01-09/p078.md,true,215,false,59,813c3a56f0c57875007b93ea38a6a3631c9a351034e2eea589fbdfb359f8c540,0,converted
8,notes-lecture-series-01-09,79,147,/home/liebert511/muj-academics/handouts/Lecture notes MAS2001_SnP_1_9.pdf,96e4e4053587c4e4aa8b7f63bac905f9d8b638e220df1d0aef6110f5f8bad34e,"Course lecture series 01 to 09, units 1 and 2 live here",ok,xiaomi/mimo-v2.5,md/notes-lecture-series-01-09/p079.md,true,139,false,59,046e65ccd4a82c47ea43c4bf6faa3ecd0bb92042bc3324a96b429ddd2f6105ac,0,converted
8,notes-lecture-series-01-09,80,147,/home/liebert511/muj-academics/handouts/Lecture notes MAS2001_SnP_1_9.pdf,96e4e4053587c4e4aa8b7f63bac905f9d8b638e220df1d0aef6110f5f8bad34e,"Course lecture series 01 to 09, units 1 and 2 live here",ok,xiaomi/mimo-v2.5,md/notes-lecture-series-01-09/p080.md,true,877,false,75,4a8154e21fec8f39c8d8c64d9fc2ffb050c50558b26998cc7b1d4c8da064c271,0,converted
8,notes-lecture-series-01-09,81,147,/home/liebert511/muj-academics/handouts/Lecture notes MAS2001_SnP_1_9.pdf,96e4e4053587c4e4aa8b7f63bac905f9d8b638e220df1d0aef6110f5f8bad34e,"Course lecture series 01 to 09, units 1 and 2 live here",ok,xiaomi/mimo-v2.5,md/notes-lecture-series-01-09/p081.md,true,574,false,59,f9ed5c91afd593dda3a388381f83094c017acace02a0143a7b3acbc3754f3a8f,0,converted
8,notes-lecture-series-01-09,82,147,/home/liebert511/muj-academics/handouts/Lecture notes MAS2001_SnP_1_9.pdf,96e4e4053587c4e4aa8b7f63bac905f9d8b638e220df1d0aef6110f5f8bad34e,"Course lecture series 01 to 09, units 1 and 2 live here",ok,xiaomi/mimo-v2.5,md/notes-lecture-series-01-09/p082.md,true,319,false,76,115dc08013b1db8d3db04e09c2f087d4a01bac5c057eaee3e4aec5f8ace82d70,0,converted
8,notes-lecture-series-01-09,83,147,/home/liebert511/muj-academics/handouts/Lecture notes MAS2001_SnP_1_9.pdf,96e4e4053587c4e4aa8b7f63bac905f9d8b638e220df1d0aef6110f5f8bad34e,"Course lecture series 01 to 09, units 1 and 2 live here",ok,xiaomi/mimo-v2.5,md/notes-lecture-series-01-09/p083.md,true,721,false,59,d62ec3c9095f19d001b19e4d25d45572372c6f4f65a0b21483a21a3ab65c468e,0,converted
8,notes-lecture-series-01-09,84,147,/home/liebert511/muj-academics/handouts/Lecture notes MAS2001_SnP_1_9.pdf,96e4e4053587c4e4aa8b7f63bac905f9d8b638e220df1d0aef6110f5f8bad34e,"Course lecture series 01 to 09, units 1 and 2 live here",ok,xiaomi/mimo-v2.5,md/notes-lecture-series-01-09/p084.md,true,480,false,59,eb677bf0dd46e56da1b231c9191b7dd5a8d3713fb428d40b606bda0b54c4829f,0,converted
8,notes-lecture-series-01-09,85,147,/home/liebert511/muj-academics/handouts/Lecture notes MAS2001_SnP_1_9.pdf,96e4e4053587c4e4aa8b7f63bac905f9d8b638e220df1d0aef6110f5f8bad34e,"Course lecture series 01 to 09, units 1 and 2 live here",ok,xiaomi/mimo-v2.5,md/notes-lecture-series-01-09/p085.md,true,426,false,75,6456eb77964ef4546083ba510ef0168515f57286e81dbe0382e9c96aac89974b,0,converted
8,notes-lecture-series-01-09,86,147,/home/liebert511/muj-academics/handouts/Lecture notes MAS2001_SnP_1_9.pdf,96e4e4053587c4e4aa8b7f63bac905f9d8b638e220df1d0aef6110f5f8bad34e,"Course lecture series 01 to 09, units 1 and 2 live here",ok,xiaomi/mimo-v2.5,md/notes-lecture-series-01-09/p086.md,true,272,false,59,5201b4f0b02e2d9e923697c159b59977921ff8bfb86fd3aa676909b44651f547,0,converted
8,notes-lecture-series-01-09,87,147,/home/liebert511/muj-academics/handouts/Lecture notes MAS2001_SnP_1_9.pdf,96e4e4053587c4e4aa8b7f63bac905f9d8b638e220df1d0aef6110f5f8bad34e,"Course lecture series 01 to 09, units 1 and 2 live here",ok,xiaomi/mimo-v2.5,md/notes-lecture-series-01-09/p087.md,true,169,false,59,8b6846468bd0a55539872a2e2da9884961bd4aa8997f1e5becb7c37f9e00486b,0,converted
8,notes-lecture-series-01-09,88,147,/home/liebert511/muj-academics/handouts/Lecture notes MAS2001_SnP_1_9.pdf,96e4e4053587c4e4aa8b7f63bac905f9d8b638e220df1d0aef6110f5f8bad34e,"Course lecture series 01 to 09, units 1 and 2 live here",ok,xiaomi/mimo-v2.5,md/notes-lecture-series-01-09/p088.md,true,266,false,117,aee0241d99a738c721684a4a9da2c79df89be53f5c6237c3933448e9e47947c4,0,converted
8,notes-lecture-series-01-09,89,147,/home/liebert511/muj-academics/handouts/Lecture notes MAS2001_SnP_1_9.pdf,96e4e4053587c4e4aa8b7f63bac905f9d8b638e220df1d0aef6110f5f8bad34e,"Course lecture series 01 to 09, units 1 and 2 live here",ok,xiaomi/mimo-v2.5,md/notes-lecture-series-01-09/p089.md,true,514,false,94,74204960bca49c8eb24cf01956e92bc1289b84301699fb5919d5069d505953d0,0,converted
8,notes-lecture-series-01-09,90,147,/home/liebert511/muj-academics/handouts/Lecture notes MAS2001_SnP_1_9.pdf,96e4e4053587c4e4aa8b7f63bac905f9d8b638e220df1d0aef6110f5f8bad34e,"Course lecture series 01 to 09, units 1 and 2 live here",ok,xiaomi/mimo-v2.5,md/notes-lecture-series-01-09/p090.md,true,361,false,59,7488b588201f040bbddfdc245b3ae717a22e8a487c669f08dde6c8c919ae21c8,0,converted
8,notes-lecture-series-01-09,91,147,/home/liebert511/muj-academics/handouts/Lecture notes MAS2001_SnP_1_9.pdf,96e4e4053587c4e4aa8b7f63bac905f9d8b638e220df1d0aef6110f5f8bad34e,"Course lecture series 01 to 09, units 1 and 2 live here",ok,xiaomi/mimo-v2.5,md/notes-lecture-series-01-09/p091.md,true,297,false,59,0fa33bf1f4b486a25c25023081120840f72ad0b37c23f3a1ecba9c43fac287ac,0,converted
8,notes-lecture-series-01-09,92,147,/home/liebert511/muj-academics/handouts/Lecture notes MAS2001_SnP_1_9.pdf,96e4e4053587c4e4aa8b7f63bac905f9d8b638e220df1d0aef6110f5f8bad34e,"Course lecture series 01 to 09, units 1 and 2 live here",ok,xiaomi/mimo-v2.5,md/notes-lecture-series-01-09/p092.md,true,302,false,59,6edd29ec19dbaf60b37518f7c9e6c5b4efb37569bd91cec8f2e2dbb7f374d936,0,converted
8,notes-lecture-series-01-09,93,147,/home/liebert511/muj-academics/handouts/Lecture notes MAS2001_SnP_1_9.pdf,96e4e4053587c4e4aa8b7f63bac905f9d8b638e220df1d0aef6110f5f8bad34e,"Course lecture series 01 to 09, units 1 and 2 live here",ok,xiaomi/mimo-v2.5,md/notes-lecture-series-01-09/p093.md,true,141,false,59,88fc2d66ca70e9ae767959e5d179a2714c9b3cc4ec018658a1b01eaaf5a4747c,0,converted
8,notes-lecture-series-01-09,94,147,/home/liebert511/muj-academics/handouts/Lecture notes MAS2001_SnP_1_9.pdf,96e4e4053587c4e4aa8b7f63bac905f9d8b638e220df1d0aef6110f5f8bad34e,"Course lecture series 01 to 09, units 1 and 2 live here",ok,xiaomi/mimo-v2.5,md/notes-lecture-series-01-09/p094.md,true,355,false,429,c1ff0079bb451e1c857e11375c32a12b8e98bbb099bc44b6a74b1cb5d260ba04,0,converted
8,notes-lecture-series-01-09,95,147,/home/liebert511/muj-academics/handouts/Lecture notes MAS2001_SnP_1_9.pdf,96e4e4053587c4e4aa8b7f63bac905f9d8b638e220df1d0aef6110f5f8bad34e,"Course lecture series 01 to 09, units 1 and 2 live here",ok,xiaomi/mimo-v2.5,md/notes-lecture-series-01-09/p095.md,true,77,false,83,3a3715d2023154ff0d95e6d3bc7204954473713199db89e9d9ff448f6503b115,0,converted
8,notes-lecture-series-01-09,96,147,/home/liebert511/muj-academics/handouts/Lecture notes MAS2001_SnP_1_9.pdf,96e4e4053587c4e4aa8b7f63bac905f9d8b638e220df1d0aef6110f5f8bad34e,"Course lecture series 01 to 09, units 1 and 2 live here",ok,xiaomi/mimo-v2.5,md/notes-lecture-series-01-09/p096.md,true,222,false,59,5357a5f00af510bf4e5b9190da88e3e97aa51583ee0ea9958894421ef56c274a,0,converted
8,notes-lecture-series-01-09,97,147,/home/liebert511/muj-academics/handouts/Lecture notes MAS2001_SnP_1_9.pdf,96e4e4053587c4e4aa8b7f63bac905f9d8b638e220df1d0aef6110f5f8bad34e,"Course lecture series 01 to 09, units 1 and 2 live here",ok,xiaomi/mimo-v2.5,md/notes-lecture-series-01-09/p097.md,true,306,false,59,90119a97dcefd804446041214dab0c9549b2a547f73f5c70557b1a6564ac40ad,0,converted
8,notes-lecture-series-01-09,98,147,/home/liebert511/muj-academics/handouts/Lecture notes MAS2001_SnP_1_9.pdf,96e4e4053587c4e4aa8b7f63bac905f9d8b638e220df1d0aef6110f5f8bad34e,"Course lecture series 01 to 09, units 1 and 2 live here",ok,xiaomi/mimo-v2.5,md/notes-lecture-series-01-09/p098.md,true,127,false,59,73ea57b92f26b9032a164d11a297ec25240d83895408f7c026821883264cf819,0,converted
8,notes-lecture-series-01-09,99,147,/home/liebert511/muj-academics/handouts/Lecture notes MAS2001_SnP_1_9.pdf,96e4e4053587c4e4aa8b7f63bac905f9d8b638e220df1d0aef6110f5f8bad34e,"Course lecture series 01 to 09, units 1 and 2 live here",ok,xiaomi/mimo-v2.5,md/notes-lecture-series-01-09/p099.md,true,376,false,59,420c3728730c0e67621b614a2cb93e4c12d0948a8672d4cc515b6b6341a64aa6,0,converted
8,notes-lecture-series-01-09,100,147,/home/liebert511/muj-academics/handouts/Lecture notes MAS2001_SnP_1_9.pdf,96e4e4053587c4e4aa8b7f63bac905f9d8b638e220df1d0aef6110f5f8bad34e,"Course lecture series 01 to 09, units 1 and 2 live here",ok,xiaomi/mimo-v2.5,md/notes-lecture-series-01-09/p100.md,true,603,false,677,d058834a4288d4873361cab2f25a5f494dc2e0552643a514533943befd7a73e4,0,converted
8,notes-lecture-series-01-09,101,147,/home/liebert511/muj-academics/handouts/Lecture notes MAS2001_SnP_1_9.pdf,96e4e4053587c4e4aa8b7f63bac905f9d8b638e220df1d0aef6110f5f8bad34e,"Course lecture series 01 to 09, units 1 and 2 live here",ok,xiaomi/mimo-v2.5,md/notes-lecture-series-01-09/p101.md,true,95,false,101,311bd7cac890f52e621ebea0937e50c5f04fa8fc2e2d8665c69d046185e1453a,0,converted
8,notes-lecture-series-01-09,102,147,/home/liebert511/muj-academics/handouts/Lecture notes MAS2001_SnP_1_9.pdf,96e4e4053587c4e4aa8b7f63bac905f9d8b638e220df1d0aef6110f5f8bad34e,"Course lecture series 01 to 09, units 1 and 2 live here",ok,xiaomi/mimo-v2.5,md/notes-lecture-series-01-09/p102.md,true,334,false,60,390bc8f05c7ca736b1ba87c47baa0e33702e4aa66ef58d656b9435e99b5b3a09,0,converted
8,notes-lecture-series-01-09,103,147,/home/liebert511/muj-academics/handouts/Lecture notes MAS2001_SnP_1_9.pdf,96e4e4053587c4e4aa8b7f63bac905f9d8b638e220df1d0aef6110f5f8bad34e,"Course lecture series 01 to 09, units 1 and 2 live here",ok,xiaomi/mimo-v2.5,md/notes-lecture-series-01-09/p103.md,true,239,false,60,f4b5f550630c3354a0f612e3c72fcce79e2789d0272d7ea9263db2deeec2e6ea,0,converted
8,notes-lecture-series-01-09,104,147,/home/liebert511/muj-academics/handouts/Lecture notes MAS2001_SnP_1_9.pdf,96e4e4053587c4e4aa8b7f63bac905f9d8b638e220df1d0aef6110f5f8bad34e,"Course lecture series 01 to 09, units 1 and 2 live here",ok,xiaomi/mimo-v2.5,md/notes-lecture-series-01-09/p104.md,true,428,false,409,2ee71c6f2ba38d2e7135db3a34df0c3bf36d76247d67a1844cdac7a1741ffc09,0,converted
8,notes-lecture-series-01-09,105,147,/home/liebert511/muj-academics/handouts/Lecture notes MAS2001_SnP_1_9.pdf,96e4e4053587c4e4aa8b7f63bac905f9d8b638e220df1d0aef6110f5f8bad34e,"Course lecture series 01 to 09, units 1 and 2 live here",ok,xiaomi/mimo-v2.5,md/notes-lecture-series-01-09/p105.md,true,324,false,403,9d23709f9c731b48f3015fcfa3c387eb4ff9150b8a7259ea09555f61b742d8cf,0,converted
8,notes-lecture-series-01-09,106,147,/home/liebert511/muj-academics/handouts/Lecture notes MAS2001_SnP_1_9.pdf,96e4e4053587c4e4aa8b7f63bac905f9d8b638e220df1d0aef6110f5f8bad34e,"Course lecture series 01 to 09, units 1 and 2 live here",ok,xiaomi/mimo-v2.5,md/notes-lecture-series-01-09/p106.md,true,264,false,60,232aea2e5f9fcb08c24b512a3aa37f4cc1195dca1b7bcf102625ef56565d7034,0,converted
8,notes-lecture-series-01-09,107,147,/home/liebert511/muj-academics/handouts/Lecture notes MAS2001_SnP_1_9.pdf,96e4e4053587c4e4aa8b7f63bac905f9d8b638e220df1d0aef6110f5f8bad34e,"Course lecture series 01 to 09, units 1 and 2 live here",ok,xiaomi/mimo-v2.5,md/notes-lecture-series-01-09/p107.md,true,845,false,60,207cdb1a93bebfa4da25515ddbf2f6bf955281982dd718235da45b0e99cb88ed,0,converted
8,notes-lecture-series-01-09,108,147,/home/liebert511/muj-academics/handouts/Lecture notes MAS2001_SnP_1_9.pdf,96e4e4053587c4e4aa8b7f63bac905f9d8b638e220df1d0aef6110f5f8bad34e,"Course lecture series 01 to 09, units 1 and 2 live here",ok,xiaomi/mimo-v2.5,md/notes-lecture-series-01-09/p108.md,true,435,false,60,6e63cef651fcfad0d5eddf1cbe9372caa7e1caccdd3e083e7df0dcd7e2f49134,0,converted
8,notes-lecture-series-01-09,109,147,/home/liebert511/muj-academics/handouts/Lecture notes MAS2001_SnP_1_9.pdf,96e4e4053587c4e4aa8b7f63bac905f9d8b638e220df1d0aef6110f5f8bad34e,"Course lecture series 01 to 09, units 1 and 2 live here",ok,xiaomi/mimo-v2.5,md/notes-lecture-series-01-09/p109.md,true,765,false,60,ac155882b81a530663a3c1d463dd10822afdc52bd595061ddd54e7fa8dd81564,0,converted
8,notes-lecture-series-01-09,110,147,/home/liebert511/muj-academics/handouts/Lecture notes MAS2001_SnP_1_9.pdf,96e4e4053587c4e4aa8b7f63bac905f9d8b638e220df1d0aef6110f5f8bad34e,"Course lecture series 01 to 09, units 1 and 2 live here",ok,xiaomi/mimo-v2.5,md/notes-lecture-series-01-09/p110.md,true,692,false,60,55ac0e012df0b0bc0e23ffa854aba882399fcee0302644fe8f6ad8e0759864e8,0,converted
8,notes-lecture-series-01-09,111,147,/home/liebert511/muj-academics/handouts/Lecture notes MAS2001_SnP_1_9.pdf,96e4e4053587c4e4aa8b7f63bac905f9d8b638e220df1d0aef6110f5f8bad34e,"Course lecture series 01 to 09, units 1 and 2 live here",ok,xiaomi/mimo-v2.5,md/notes-lecture-series-01-09/p111.md,true,397,false,60,04227392328ce1a762702587cf9a94930099ada92861b0f6120e5db6f6ab3a6b,0,converted
8,notes-lecture-series-01-09,112,147,/home/liebert511/muj-academics/handouts/Lecture notes MAS2001_SnP_1_9.pdf,96e4e4053587c4e4aa8b7f63bac905f9d8b638e220df1d0aef6110f5f8bad34e,"Course lecture series 01 to 09, units 1 and 2 live here",ok,xiaomi/mimo-v2.5,md/notes-lecture-series-01-09/p112.md,true,122,false,170,1d5201b566d70c56cbef637edf2539554a8961de0f43ea8dbbbf90a0913a2973,0,converted
8,notes-lecture-series-01-09,113,147,/home/liebert511/muj-academics/handouts/Lecture notes MAS2001_SnP_1_9.pdf,96e4e4053587c4e4aa8b7f63bac905f9d8b638e220df1d0aef6110f5f8bad34e,"Course lecture series 01 to 09, units 1 and 2 live here",ok,xiaomi/mimo-v2.5,md/notes-lecture-series-01-09/p113.md,true,261,false,67,027d5ed03065e98a4f6721b44f6ffc85039e8184ef0b62c893f48e570c8ce8cf,0,converted
8,notes-lecture-series-01-09,114,147,/home/liebert511/muj-academics/handouts/Lecture notes MAS2001_SnP_1_9.pdf,96e4e4053587c4e4aa8b7f63bac905f9d8b638e220df1d0aef6110f5f8bad34e,"Course lecture series 01 to 09, units 1 and 2 live here",ok,xiaomi/mimo-v2.5,md/notes-lecture-series-01-09/p114.md,true,217,false,67,90a232cd53bd184e223e879dd7da1394719c8046803709122825c255f58c7844,0,converted
8,notes-lecture-series-01-09,115,147,/home/liebert511/muj-academics/handouts/Lecture notes MAS2001_SnP_1_9.pdf,96e4e4053587c4e4aa8b7f63bac905f9d8b638e220df1d0aef6110f5f8bad34e,"Course lecture series 01 to 09, units 1 and 2 live here",ok,xiaomi/mimo-v2.5,md/notes-lecture-series-01-09/p115.md,true,277,false,67,95ff4cc5c89fadcac868e24c6e5eb8649f202710a6894f2ddb778d64d3bc9ee1,0,converted
8,notes-lecture-series-01-09,116,147,/home/liebert511/muj-academics/handouts/Lecture notes MAS2001_SnP_1_9.pdf,96e4e4053587c4e4aa8b7f63bac905f9d8b638e220df1d0aef6110f5f8bad34e,"Course lecture series 01 to 09, units 1 and 2 live here",ok,xiaomi/mimo-v2.5,md/notes-lecture-series-01-09/p116.md,true,276,false,66,e828953bca4dc871dc98899ccf8fda0be88b919601fb6d46e4b9bbe0dcc66aa1,0,converted
8,notes-lecture-series-01-09,117,147,/home/liebert511/muj-academics/handouts/Lecture notes MAS2001_SnP_1_9.pdf,96e4e4053587c4e4aa8b7f63bac905f9d8b638e220df1d0aef6110f5f8bad34e,"Course lecture series 01 to 09, units 1 and 2 live here",ok,xiaomi/mimo-v2.5,md/notes-lecture-series-01-09/p117.md,true,446,false,159,4ffa6f5f9fbceb8cf286ed240e26be8408885db332f9fca58547c5d32883febb,0,converted
8,notes-lecture-series-01-09,118,147,/home/liebert511/muj-academics/handouts/Lecture notes MAS2001_SnP_1_9.pdf,96e4e4053587c4e4aa8b7f63bac905f9d8b638e220df1d0aef6110f5f8bad34e,"Course lecture series 01 to 09, units 1 and 2 live here",ok,xiaomi/mimo-v2.5,md/notes-lecture-series-01-09/p118.md,true,713,false,521,7d754e7bfa68c67f7600d1848215fa718ed708d8dc17387e8bdcc25a8d028dcb,0,converted
8,notes-lecture-series-01-09,119,147,/home/liebert511/muj-academics/handouts/Lecture notes MAS2001_SnP_1_9.pdf,96e4e4053587c4e4aa8b7f63bac905f9d8b638e220df1d0aef6110f5f8bad34e,"Course lecture series 01 to 09, units 1 and 2 live here",ok,xiaomi/mimo-v2.5,md/notes-lecture-series-01-09/p119.md,true,207,false,67,ae558c99553a87fc59aff0117c1667c2465c18ffaee800ed611f825867df10e2,0,converted
8,notes-lecture-series-01-09,120,147,/home/liebert511/muj-academics/handouts/Lecture notes MAS2001_SnP_1_9.pdf,96e4e4053587c4e4aa8b7f63bac905f9d8b638e220df1d0aef6110f5f8bad34e,"Course lecture series 01 to 09, units 1 and 2 live here",ok,xiaomi/mimo-v2.5,md/notes-lecture-series-01-09/p120.md,true,234,false,67,9fa5377afc2d12bec7f8f40c336514124a062954aa4ae2f63bf2fb1b34857961,0,converted
8,notes-lecture-series-01-09,121,147,/home/liebert511/muj-academics/handouts/Lecture notes MAS2001_SnP_1_9.pdf,96e4e4053587c4e4aa8b7f63bac905f9d8b638e220df1d0aef6110f5f8bad34e,"Course lecture series 01 to 09, units 1 and 2 live here",ok,xiaomi/mimo-v2.5,md/notes-lecture-series-01-09/p121.md,true,231,false,67,1567ee5ba67eec713ad1d10f119331210cb7718ac47dbaf33c3fab4cf741eda9,0,converted
8,notes-lecture-series-01-09,122,147,/home/liebert511/muj-academics/handouts/Lecture notes MAS2001_SnP_1_9.pdf,96e4e4053587c4e4aa8b7f63bac905f9d8b638e220df1d0aef6110f5f8bad34e,"Course lecture series 01 to 09, units 1 and 2 live here",ok,xiaomi/mimo-v2.5,md/notes-lecture-series-01-09/p122.md,true,273,false,67,706d65cc2e3a09b16d38778f131c56884b22026bd722318944d67224bdb15bd3,0,converted
8,notes-lecture-series-01-09,123,147,/home/liebert511/muj-academics/handouts/Lecture notes MAS2001_SnP_1_9.pdf,96e4e4053587c4e4aa8b7f63bac905f9d8b638e220df1d0aef6110f5f8bad34e,"Course lecture series 01 to 09, units 1 and 2 live here",ok,xiaomi/mimo-v2.5,md/notes-lecture-series-01-09/p123.md,true,181,false,67,2055ecd8b1d3f7a832f95a59c3dfd466b773d3c2bc2e50910423fe72b8936df1,0,converted
8,notes-lecture-series-01-09,124,147,/home/liebert511/muj-academics/handouts/Lecture notes MAS2001_SnP_1_9.pdf,96e4e4053587c4e4aa8b7f63bac905f9d8b638e220df1d0aef6110f5f8bad34e,"Course lecture series 01 to 09, units 1 and 2 live here",ok,xiaomi/mimo-v2.5,md/notes-lecture-series-01-09/p124.md,true,321,false,67,de1d17b4a2710fe8215f484222e54db272c0beed767553e3ced07f283ce960d3,0,converted
8,notes-lecture-series-01-09,125,147,/home/liebert511/muj-academics/handouts/Lecture notes MAS2001_SnP_1_9.pdf,96e4e4053587c4e4aa8b7f63bac905f9d8b638e220df1d0aef6110f5f8bad34e,"Course lecture series 01 to 09, units 1 and 2 live here",ok,xiaomi/mimo-v2.5,md/notes-lecture-series-01-09/p125.md,true,129,false,67,17ce573a2af2ffe27b20062340c64aae9137afef8ea9931cadd148331ed461f1,0,converted
8,notes-lecture-series-01-09,126,147,/home/liebert511/muj-academics/handouts/Lecture notes MAS2001_SnP_1_9.pdf,96e4e4053587c4e4aa8b7f63bac905f9d8b638e220df1d0aef6110f5f8bad34e,"Course lecture series 01 to 09, units 1 and 2 live here",ok,xiaomi/mimo-v2.5,md/notes-lecture-series-01-09/p126.md,true,281,false,67,5c3cdd735cea22efb73e1621a10c37052a1e539a09b55cd677eaaceecd5dccde,0,converted
8,notes-lecture-series-01-09,127,147,/home/liebert511/muj-academics/handouts/Lecture notes MAS2001_SnP_1_9.pdf,96e4e4053587c4e4aa8b7f63bac905f9d8b638e220df1d0aef6110f5f8bad34e,"Course lecture series 01 to 09, units 1 and 2 live here",ok,xiaomi/mimo-v2.5,md/notes-lecture-series-01-09/p127.md,true,1189,false,83,8659f2109c6c883602fcaefd2cea0449e7870db0fb157eb109eddb1c6f7fa1bb,0,converted
8,notes-lecture-series-01-09,128,147,/home/liebert511/muj-academics/handouts/Lecture notes MAS2001_SnP_1_9.pdf,96e4e4053587c4e4aa8b7f63bac905f9d8b638e220df1d0aef6110f5f8bad34e,"Course lecture series 01 to 09, units 1 and 2 live here",ok,xiaomi/mimo-v2.5,md/notes-lecture-series-01-09/p128.md,true,707,false,67,1fd99537260f2579e305b1dc02c6d3a0f1f5810f8597e9230990bff998876d2b,0,converted
8,notes-lecture-series-01-09,129,147,/home/liebert511/muj-academics/handouts/Lecture notes MAS2001_SnP_1_9.pdf,96e4e4053587c4e4aa8b7f63bac905f9d8b638e220df1d0aef6110f5f8bad34e,"Course lecture series 01 to 09, units 1 and 2 live here",ok,xiaomi/mimo-v2.5,md/notes-lecture-series-01-09/p129.md,true,519,false,67,193dc2297ee080905a22fbc0484f32c8055ed6e8fe0e02c7c797d7005bb01d73,0,converted
8,notes-lecture-series-01-09,130,147,/home/liebert511/muj-academics/handouts/Lecture notes MAS2001_SnP_1_9.pdf,96e4e4053587c4e4aa8b7f63bac905f9d8b638e220df1d0aef6110f5f8bad34e,"Course lecture series 01 to 09, units 1 and 2 live here",ok,xiaomi/mimo-v2.5,md/notes-lecture-series-01-09/p130.md,true,156,false,120,3f4893e310987ba3d23e0579c4cc7a89dde0703993c34a9ea5befd059348d41b,0,converted
8,notes-lecture-series-01-09,131,147,/home/liebert511/muj-academics/handouts/Lecture notes MAS2001_SnP_1_9.pdf,96e4e4053587c4e4aa8b7f63bac905f9d8b638e220df1d0aef6110f5f8bad34e,"Course lecture series 01 to 09, units 1 and 2 live here",ok,xiaomi/mimo-v2.5,md/notes-lecture-series-01-09/p131.md,true,441,false,470,ab7433d641f6b9f15da4ebfedbf42201eeef7d2349a06e7194f2a8efec683d03,0,converted
8,notes-lecture-series-01-09,132,147,/home/liebert511/muj-academics/handouts/Lecture notes MAS2001_SnP_1_9.pdf,96e4e4053587c4e4aa8b7f63bac905f9d8b638e220df1d0aef6110f5f8bad34e,"Course lecture series 01 to 09, units 1 and 2 live here",ok,xiaomi/mimo-v2.5,md/notes-lecture-series-01-09/p132.md,true,1066,false,612,2a286ea42d650f19c63382d362c0dfa6160c50a229b949379312e517a3f29256,0,converted
8,notes-lecture-series-01-09,133,147,/home/liebert511/muj-academics/handouts/Lecture notes MAS2001_SnP_1_9.pdf,96e4e4053587c4e4aa8b7f63bac905f9d8b638e220df1d0aef6110f5f8bad34e,"Course lecture series 01 to 09, units 1 and 2 live here",ok,xiaomi/mimo-v2.5,md/notes-lecture-series-01-09/p133.md,true,101,false,113,9cad41a0004a650e182ae4c8b3ed647d82efc471c5c7aa84d17aa4ff696cff70,0,converted
8,notes-lecture-series-01-09,134,147,/home/liebert511/muj-academics/handouts/Lecture notes MAS2001_SnP_1_9.pdf,96e4e4053587c4e4aa8b7f63bac905f9d8b638e220df1d0aef6110f5f8bad34e,"Course lecture series 01 to 09, units 1 and 2 live here",ok,xiaomi/mimo-v2.5,md/notes-lecture-series-01-09/p134.md,true,432,false,523,9c50ddb88d14ac7b6ea1208684500c5cfefc2e2283f3d90abf8af46d559fbce9,0,converted
8,notes-lecture-series-01-09,135,147,/home/liebert511/muj-academics/handouts/Lecture notes MAS2001_SnP_1_9.pdf,96e4e4053587c4e4aa8b7f63bac905f9d8b638e220df1d0aef6110f5f8bad34e,"Course lecture series 01 to 09, units 1 and 2 live here",ok,xiaomi/mimo-v2.5,md/notes-lecture-series-01-09/p135.md,true,880,false,584,009ca64fb93c8713c66be66bb0eb3c00f7de253608bba2639037d5b5654d4436,0,converted
8,notes-lecture-series-01-09,136,147,/home/liebert511/muj-academics/handouts/Lecture notes MAS2001_SnP_1_9.pdf,96e4e4053587c4e4aa8b7f63bac905f9d8b638e220df1d0aef6110f5f8bad34e,"Course lecture series 01 to 09, units 1 and 2 live here",ok,xiaomi/mimo-v2.5,md/notes-lecture-series-01-09/p136.md,true,92,false,98,f1a1b25e98d31c189abec35b18d7f1ce1a5fec35cd9302d632ace6db1858f6ed,0,converted
8,notes-lecture-series-01-09,137,147,/home/liebert511/muj-academics/handouts/Lecture notes MAS2001_SnP_1_9.pdf,96e4e4053587c4e4aa8b7f63bac905f9d8b638e220df1d0aef6110f5f8bad34e,"Course lecture series 01 to 09, units 1 and 2 live here",ok,xiaomi/mimo-v2.5,md/notes-lecture-series-01-09/p137.md,true,453,false,539,f56b9f8622b6d6f133e7c4e27638d203d8496c8d473757df1585b79add6e52c3,0,converted
8,notes-lecture-series-01-09,138,147,/home/liebert511/muj-academics/handouts/Lecture notes MAS2001_SnP_1_9.pdf,96e4e4053587c4e4aa8b7f63bac905f9d8b638e220df1d0aef6110f5f8bad34e,"Course lecture series 01 to 09, units 1 and 2 live here",ok,xiaomi/mimo-v2.5,md/notes-lecture-series-01-09/p138.md,true,295,false,67,1507663358380ecb3439a2bbeda43e1ca4baf60a912f856ff181cf2f1328626f,0,converted
8,notes-lecture-series-01-09,139,147,/home/liebert511/muj-academics/handouts/Lecture notes MAS2001_SnP_1_9.pdf,96e4e4053587c4e4aa8b7f63bac905f9d8b638e220df1d0aef6110f5f8bad34e,"Course lecture series 01 to 09, units 1 and 2 live here",ok,xiaomi/mimo-v2.5,md/notes-lecture-series-01-09/p139.md,true,330,false,440,2105cf0507f850ed0052d701449eb693370b575f21564183353f42add3732d85,0,converted
8,notes-lecture-series-01-09,140,147,/home/liebert511/muj-academics/handouts/Lecture notes MAS2001_SnP_1_9.pdf,96e4e4053587c4e4aa8b7f63bac905f9d8b638e220df1d0aef6110f5f8bad34e,"Course lecture series 01 to 09, units 1 and 2 live here",ok,xiaomi/mimo-v2.5,md/notes-lecture-series-01-09/p140.md,true,79,false,91,b8ceec49fa960b1c646342b6338dc7b7929e25223082a07ed60fdc508456ac37,0,converted
8,notes-lecture-series-01-09,141,147,/home/liebert511/muj-academics/handouts/Lecture notes MAS2001_SnP_1_9.pdf,96e4e4053587c4e4aa8b7f63bac905f9d8b638e220df1d0aef6110f5f8bad34e,"Course lecture series 01 to 09, units 1 and 2 live here",ok,xiaomi/mimo-v2.5,md/notes-lecture-series-01-09/p141.md,true,426,false,438,c7504e75f696dc48c59ce7a7b82b990f8c585f3eb1f345928819ddf505e82eac,0,converted
8,notes-lecture-series-01-09,142,147,/home/liebert511/muj-academics/handouts/Lecture notes MAS2001_SnP_1_9.pdf,96e4e4053587c4e4aa8b7f63bac905f9d8b638e220df1d0aef6110f5f8bad34e,"Course lecture series 01 to 09, units 1 and 2 live here",ok,xiaomi/mimo-v2.5,md/notes-lecture-series-01-09/p142.md,true,468,false,829,7a2951350288947734aa39fe7f22930a80d5ada958e9ca3765784f252b166185,0,converted
8,notes-lecture-series-01-09,143,147,/home/liebert511/muj-academics/handouts/Lecture notes MAS2001_SnP_1_9.pdf,96e4e4053587c4e4aa8b7f63bac905f9d8b638e220df1d0aef6110f5f8bad34e,"Course lecture series 01 to 09, units 1 and 2 live here",ok,xiaomi/mimo-v2.5,md/notes-lecture-series-01-09/p143.md,true,228,false,275,f4336b8a728d61c9cb7c976932c853161b1ecf79d6817770571e9775c417bc15,0,converted
8,notes-lecture-series-01-09,144,147,/home/liebert511/muj-academics/handouts/Lecture notes MAS2001_SnP_1_9.pdf,96e4e4053587c4e4aa8b7f63bac905f9d8b638e220df1d0aef6110f5f8bad34e,"Course lecture series 01 to 09, units 1 and 2 live here",ok,xiaomi/mimo-v2.5,md/notes-lecture-series-01-09/p144.md,true,568,false,549,b014adb1b7efa2cbef3f7339b794db23aa04546656173a4b4ea6c6a1ebb6051e,0,converted
8,notes-lecture-series-01-09,145,147,/home/liebert511/muj-academics/handouts/Lecture notes MAS2001_SnP_1_9.pdf,96e4e4053587c4e4aa8b7f63bac905f9d8b638e220df1d0aef6110f5f8bad34e,"Course lecture series 01 to 09, units 1 and 2 live here",ok,xiaomi/mimo-v2.5,md/notes-lecture-series-01-09/p145.md,true,423,false,491,65a1f2f1a5ea270d3d68231c8b9074da9641cf61e4530fcaa7b33efbb320a751,0,converted
8,notes-lecture-series-01-09,146,147,/home/liebert511/muj-academics/handouts/Lecture notes MAS2001_SnP_1_9.pdf,96e4e4053587c4e4aa8b7f63bac905f9d8b638e220df1d0aef6110f5f8bad34e,"Course lecture series 01 to 09, units 1 and 2 live here",ok,xiaomi/mimo-v2.5,md/notes-lecture-series-01-09/p146.md,true,491,false,83,459e48d89983407c84ad43182b971edcc119a7e02a11a2ab93ad2a6f0d592df7,0,converted
8,notes-lecture-series-01-09,147,147,/home/liebert511/muj-academics/handouts/Lecture notes MAS2001_SnP_1_9.pdf,96e4e4053587c4e4aa8b7f63bac905f9d8b638e220df1d0aef6110f5f8bad34e,"Course lecture series 01 to 09, units 1 and 2 live here",ok,xiaomi/mimo-v2.5,md/notes-lecture-series-01-09/p147.md,true,666,false,67,c86fae8f4d4e30c473fb05362e6ae1438887f6ff29ddd82c73c51fe97800abd4,0,converted
9,mas2001-course-handout,1,7,/home/liebert511/muj-academics/courses/MAS2001/MAS2001_Course_Handout.pdf,600361e9666d0493528411e58f7bd0816733f7820a538223d0bd32516b2707ba,"Course outcomes, assessment scheme, MTE weight, textbooks",ok,xiaomi/mimo-v2.5,md/mas2001-course-handout/p001.md,true,2104,false,3790,29382f08885d9220a3d0fb6540672401aa85624bc9f2e846f968064be67cb038,0,converted
9,mas2001-course-handout,2,7,/home/liebert511/muj-academics/courses/MAS2001/MAS2001_Course_Handout.pdf,600361e9666d0493528411e58f7bd0816733f7820a538223d0bd32516b2707ba,"Course outcomes, assessment scheme, MTE weight, textbooks",ok,xiaomi/mimo-v2.5,md/mas2001-course-handout/p002.md,true,3746,false,4805,409cc0afe9312f3e887c81e9e5844ea87918ffee277df69ed2f0c46000175bb3,0,converted
9,mas2001-course-handout,3,7,/home/liebert511/muj-academics/courses/MAS2001/MAS2001_Course_Handout.pdf,600361e9666d0493528411e58f7bd0816733f7820a538223d0bd32516b2707ba,"Course outcomes, assessment scheme, MTE weight, textbooks",ok,xiaomi/mimo-v2.5,md/mas2001-course-handout/p003.md,true,2302,false,2956,3b3ee9360ba5ccc5a1bba5002237072c0b76b79b2dc7ecfcda4c4f4164aa0070,0,converted
9,mas2001-course-handout,4,7,/home/liebert511/muj-academics/courses/MAS2001/MAS2001_Course_Handout.pdf,600361e9666d0493528411e58f7bd0816733f7820a538223d0bd32516b2707ba,"Course outcomes, assessment scheme, MTE weight, textbooks",ok,xiaomi/mimo-v2.5,md/mas2001-course-handout/p004.md,true,1937,false,5616,85554e419aa94ad9af382da2fa27f3d7bd3b9e1749d7fd29ca615a19b4ad53d5,0,converted
9,mas2001-course-handout,5,7,/home/liebert511/muj-academics/courses/MAS2001/MAS2001_Course_Handout.pdf,600361e9666d0493528411e58f7bd0816733f7820a538223d0bd32516b2707ba,"Course outcomes, assessment scheme, MTE weight, textbooks",ok,xiaomi/mimo-v2.5,md/mas2001-course-handout/p005.md,true,2198,false,5106,dfa58835c342e1d9980cc6116292cb20b9fd0eb08426387265230810f69476b2,0,converted
9,mas2001-course-handout,6,7,/home/liebert511/muj-academics/courses/MAS2001/MAS2001_Course_Handout.pdf,600361e9666d0493528411e58f7bd0816733f7820a538223d0bd32516b2707ba,"Course outcomes, assessment scheme, MTE weight, textbooks",ok,xiaomi/mimo-v2.5,md/mas2001-course-handout/p006.md,true,1920,false,3537,b8158d513afca03607a81854fbe33914cdfb335bbc49afe485978efb8325b248,0,converted
9,mas2001-course-handout,7,7,/home/liebert511/muj-academics/courses/MAS2001/MAS2001_Course_Handout.pdf,600361e9666d0493528411e58f7bd0816733f7820a538223d0bd32516b2707ba,"Course outcomes, assessment scheme, MTE weight, textbooks",ok,xiaomi/mimo-v2.5,md/mas2001-course-handout/p007.md,true,659,false,827,f7ce419ecc8f79ada02625f09f723d617cd9a705a22edd5e65f711a4c44aaea9,0,converted
10,mas2001-assignment-1,1,6,/home/liebert511/muj-academics/courses/MAS2001/MAS2001-Assignment 1.pdf,2ab4f6511361b75b8cc2924c9e1182de1387efae18b3d804ca3c7b908d1dc037,Assignment 1 problem set,ok,xiaomi/mimo-v2.5,md/mas2001-assignment-1/p001.md,true,1118,false,2984,5279319addb389f9adb743f406cf675995cf679664dd34ac8cebd86768e146b7,0,converted
10,mas2001-assignment-1,2,6,/home/liebert511/muj-academics/courses/MAS2001/MAS2001-Assignment 1.pdf,2ab4f6511361b75b8cc2924c9e1182de1387efae18b3d804ca3c7b908d1dc037,Assignment 1 problem set,ok,xiaomi/mimo-v2.5,md/mas2001-assignment-1/p002.md,true,1689,false,4627,d1907fe2d4fbedaa7bc927b5265b40801cd022487136e0880106a91099351d25,0,converted
10,mas2001-assignment-1,3,6,/home/liebert511/muj-academics/courses/MAS2001/MAS2001-Assignment 1.pdf,2ab4f6511361b75b8cc2924c9e1182de1387efae18b3d804ca3c7b908d1dc037,Assignment 1 problem set,ok,xiaomi/mimo-v2.5,md/mas2001-assignment-1/p003.md,true,1452,false,3395,608a0c1d5f22dbb0450ed4fabe581b771bcaa5c04e429ab306ce5f0a073d201f,0,converted
10,mas2001-assignment-1,4,6,/home/liebert511/muj-academics/courses/MAS2001/MAS2001-Assignment 1.pdf,2ab4f6511361b75b8cc2924c9e1182de1387efae18b3d804ca3c7b908d1dc037,Assignment 1 problem set,ok,xiaomi/mimo-v2.5,md/mas2001-assignment-1/p004.md,true,1386,false,3558,8fd8b9abeb05c489f48485e308dd43acfd3fbe680a157f15329dcafb2e247c7b,0,converted
10,mas2001-assignment-1,5,6,/home/liebert511/muj-academics/courses/MAS2001/MAS2001-Assignment 1.pdf,2ab4f6511361b75b8cc2924c9e1182de1387efae18b3d804ca3c7b908d1dc037,Assignment 1 problem set,ok,xiaomi/mimo-v2.5,md/mas2001-assignment-1/p005.md,true,1043,false,2402,b99ca86f0c30f6186af4acf6af30f0ab5de5195f03af9798449edae58c47d7df,0,converted
10,mas2001-assignment-1,6,6,/home/liebert511/muj-academics/courses/MAS2001/MAS2001-Assignment 1.pdf,2ab4f6511361b75b8cc2924c9e1182de1387efae18b3d804ca3c7b908d1dc037,Assignment 1 problem set,ok,xiaomi/mimo-v2.5,md/mas2001-assignment-1/p006.md,true,866,false,1685,33b81ca7efbba8b6ebebf85bdd00c80b646b476d37650585447d3d9cca6b24df,0,converted
11,mas2001-assignment-2,1,4,/home/liebert511/Videos/Assignment 2_MAS2001-2.pdf,5ff197311b6037e1211ccbf2540c02d9340f52ccc3e94bc9c5484d3a2befb18f,Assignment 2 problem set,ok,xiaomi/mimo-v2.5,md/mas2001-assignment-2/p001.md,true,1258,false,1514,b0dfdd2cd8f0359eaeac7555616e4fc8697847ee73721fafa299f7df939eb900,6,converted
11,mas2001-assignment-2,2,4,/home/liebert511/Videos/Assignment 2_MAS2001-2.pdf,5ff197311b6037e1211ccbf2540c02d9340f52ccc3e94bc9c5484d3a2befb18f,Assignment 2 problem set,ok,xiaomi/mimo-v2.5,md/mas2001-assignment-2/p002.md,true,1470,false,1567,03aff016d0ba4b1341f8deb9580599ca0aeb945e7090596c626b045b3518c8ef,6,converted
11,mas2001-assignment-2,3,4,/home/liebert511/Videos/Assignment 2_MAS2001-2.pdf,5ff197311b6037e1211ccbf2540c02d9340f52ccc3e94bc9c5484d3a2befb18f,Assignment 2 problem set,ok,xiaomi/mimo-v2.5,md/mas2001-assignment-2/p003.md,true,2992,false,3019,f14d61c8f8244a685d004544326c668467c7d0f158ade284dbc3d145455f34e9,10,converted
11,mas2001-assignment-2,4,4,/home/liebert511/Videos/Assignment 2_MAS2001-2.pdf,5ff197311b6037e1211ccbf2540c02d9340f52ccc3e94bc9c5484d3a2befb18f,Assignment 2 problem set,ok,xiaomi/mimo-v2.5,md/mas2001-assignment-2/p004.md,true,1678,false,1761,1fbe972a28817bdab25eee9ef61aea98dd8ee96afe4c837ced7d3f81c489d325,6,converted
12,sp-l1-7,1,108,/home/liebert511/PS/S&P L1-7.pdf,9964d15b91116f65625934d257da43bc12d0cd251789126da488b4643dc2d961,"batch 2, 15 Sep 2026",,,md/sp-l1-7/p001.md,false,0,false,610,35a87150414d3d90785a70e88f511ba54766eff3f4154b959e8e9699f4511df8,0,pending
12,sp-l1-7,2,108,/home/liebert511/PS/S&P L1-7.pdf,9964d15b91116f65625934d257da43bc12d0cd251789126da488b4643dc2d961,"batch 2, 15 Sep 2026",,,md/sp-l1-7/p002.md,false,0,false,1769,070a476e27d2488293b99b7c631c34f4575223f49b6b95d3f27ed7a5b0a2922c,0,pending
12,sp-l1-7,3,108,/home/liebert511/PS/S&P L1-7.pdf,9964d15b91116f65625934d257da43bc12d0cd251789126da488b4643dc2d961,"batch 2, 15 Sep 2026",,,md/sp-l1-7/p003.md,false,0,false,218,04c97e0aee7ed9b7867a4cdbbc34a9562bdc90abfbdd7763ad625ba01fa03b2f,0,pending
12,sp-l1-7,4,108,/home/liebert511/PS/S&P L1-7.pdf,9964d15b91116f65625934d257da43bc12d0cd251789126da488b4643dc2d961,"batch 2, 15 Sep 2026",,,md/sp-l1-7/p004.md,false,0,false,2339,26160ebb8fd23ce5e954739df807b0513e17dda1e9d10bcb9874d78ebde70b09,0,pending
12,sp-l1-7,5,108,/home/liebert511/PS/S&P L1-7.pdf,9964d15b91116f65625934d257da43bc12d0cd251789126da488b4643dc2d961,"batch 2, 15 Sep 2026",,,md/sp-l1-7/p005.md,false,0,false,294,2b82f21ac3a2c2ccb76a86ff67d6b211727a0670faabdd9299e587c5d9a9861a,0,pending
12,sp-l1-7,6,108,/home/liebert511/PS/S&P L1-7.pdf,9964d15b91116f65625934d257da43bc12d0cd251789126da488b4643dc2d961,"batch 2, 15 Sep 2026",,,md/sp-l1-7/p006.md,false,0,false,343,0563091cd50f1260caf7057d9d875b909625856762b5c44f1b2c5830f3300879,0,pending
12,sp-l1-7,7,108,/home/liebert511/PS/S&P L1-7.pdf,9964d15b91116f65625934d257da43bc12d0cd251789126da488b4643dc2d961,"batch 2, 15 Sep 2026",,,md/sp-l1-7/p007.md,false,0,false,96,9e5762d85fbf06f7fe7fc5efb8161fea383ee95567278abe94068b7027622442,0,pending
12,sp-l1-7,8,108,/home/liebert511/PS/S&P L1-7.pdf,9964d15b91116f65625934d257da43bc12d0cd251789126da488b4643dc2d961,"batch 2, 15 Sep 2026",,,md/sp-l1-7/p008.md,false,0,false,96,9e5762d85fbf06f7fe7fc5efb8161fea383ee95567278abe94068b7027622442,0,pending
12,sp-l1-7,9,108,/home/liebert511/PS/S&P L1-7.pdf,9964d15b91116f65625934d257da43bc12d0cd251789126da488b4643dc2d961,"batch 2, 15 Sep 2026",,,md/sp-l1-7/p009.md,false,0,false,96,9e5762d85fbf06f7fe7fc5efb8161fea383ee95567278abe94068b7027622442,0,pending
12,sp-l1-7,10,108,/home/liebert511/PS/S&P L1-7.pdf,9964d15b91116f65625934d257da43bc12d0cd251789126da488b4643dc2d961,"batch 2, 15 Sep 2026",,,md/sp-l1-7/p010.md,false,0,false,784,546365476a5b46d1a597690b2f178736fb068f21fa4deb4ec138d28cb7637718,0,pending
12,sp-l1-7,11,108,/home/liebert511/PS/S&P L1-7.pdf,9964d15b91116f65625934d257da43bc12d0cd251789126da488b4643dc2d961,"batch 2, 15 Sep 2026",,,md/sp-l1-7/p011.md,false,0,false,301,9aa75a1b9141b0e112a116b832ff4d041aa93583d3c91a51b56530a2bdef21da,1,pending
12,sp-l1-7,12,108,/home/liebert511/PS/S&P L1-7.pdf,9964d15b91116f65625934d257da43bc12d0cd251789126da488b4643dc2d961,"batch 2, 15 Sep 2026",,,md/sp-l1-7/p012.md,false,0,false,96,9e5762d85fbf06f7fe7fc5efb8161fea383ee95567278abe94068b7027622442,0,pending
12,sp-l1-7,13,108,/home/liebert511/PS/S&P L1-7.pdf,9964d15b91116f65625934d257da43bc12d0cd251789126da488b4643dc2d961,"batch 2, 15 Sep 2026",,,md/sp-l1-7/p013.md,false,0,false,96,9e5762d85fbf06f7fe7fc5efb8161fea383ee95567278abe94068b7027622442,0,pending
12,sp-l1-7,14,108,/home/liebert511/PS/S&P L1-7.pdf,9964d15b91116f65625934d257da43bc12d0cd251789126da488b4643dc2d961,"batch 2, 15 Sep 2026",,,md/sp-l1-7/p014.md,false,0,false,135,1ed0cf403ead8679ee5fe38bfcd6c45811d7cfb26b5fb041d79ee8e40dadcd5f,0,pending
12,sp-l1-7,15,108,/home/liebert511/PS/S&P L1-7.pdf,9964d15b91116f65625934d257da43bc12d0cd251789126da488b4643dc2d961,"batch 2, 15 Sep 2026",,,md/sp-l1-7/p015.md,false,0,false,354,3ec733e251127b97da4e6ec83c136f139754adda3e8fa6038457601dc3fd306d,0,pending
12,sp-l1-7,16,108,/home/liebert511/PS/S&P L1-7.pdf,9964d15b91116f65625934d257da43bc12d0cd251789126da488b4643dc2d961,"batch 2, 15 Sep 2026",,,md/sp-l1-7/p016.md,false,0,false,150,4425576c1cbbe5aa2311181484741cb21e4e1c5c09e63e58f23d4e220a930dad,0,pending
12,sp-l1-7,17,108,/home/liebert511/PS/S&P L1-7.pdf,9964d15b91116f65625934d257da43bc12d0cd251789126da488b4643dc2d961,"batch 2, 15 Sep 2026",,,md/sp-l1-7/p017.md,false,0,false,466,429ad4fa48fb49eb75c4d6761b55aa45923d4f340c8e374f1e592792ba5ea60f,0,pending
12,sp-l1-7,18,108,/home/liebert511/PS/S&P L1-7.pdf,9964d15b91116f65625934d257da43bc12d0cd251789126da488b4643dc2d961,"batch 2, 15 Sep 2026",,,md/sp-l1-7/p018.md,false,0,false,477,8a4df76f0c2f794472fea4115886a9f32cf47cb941abf8f80dbd60e4b19a9743,0,pending
12,sp-l1-7,19,108,/home/liebert511/PS/S&P L1-7.pdf,9964d15b91116f65625934d257da43bc12d0cd251789126da488b4643dc2d961,"batch 2, 15 Sep 2026",,,md/sp-l1-7/p019.md,false,0,false,285,26b08d812b9ac2e253cd82d233313d7a931ab5e3d845ec2fd16efa4b64d2adac,0,pending
12,sp-l1-7,20,108,/home/liebert511/PS/S&P L1-7.pdf,9964d15b91116f65625934d257da43bc12d0cd251789126da488b4643dc2d961,"batch 2, 15 Sep 2026",,,md/sp-l1-7/p020.md,false,0,false,427,d658d0231bae4d472938a98dbf3deeca6f9157bc8b1e31f52911bf52889010ce,0,pending
12,sp-l1-7,21,108,/home/liebert511/PS/S&P L1-7.pdf,9964d15b91116f65625934d257da43bc12d0cd251789126da488b4643dc2d961,"batch 2, 15 Sep 2026",,,md/sp-l1-7/p021.md,false,0,false,439,56e49bd863bb2b155ec08980339c1e292773bc7673e6863600b9b1656cccf5f2,0,pending
12,sp-l1-7,22,108,/home/liebert511/PS/S&P L1-7.pdf,9964d15b91116f65625934d257da43bc12d0cd251789126da488b4643dc2d961,"batch 2, 15 Sep 2026",,,md/sp-l1-7/p022.md,false,0,false,283,adfca7e9fd46cfc1ff88060b669ef21a1490ff31a04c4ca3c3344bce7a9924a3,0,pending
12,sp-l1-7,23,108,/home/liebert511/PS/S&P L1-7.pdf,9964d15b91116f65625934d257da43bc12d0cd251789126da488b4643dc2d961,"batch 2, 15 Sep 2026",,,md/sp-l1-7/p023.md,false,0,false,450,3d8bd10cf14e4d1ceac9edc31844f4de4a9dbfcd3279821c76df01a9308734ac,0,pending
12,sp-l1-7,24,108,/home/liebert511/PS/S&P L1-7.pdf,9964d15b91116f65625934d257da43bc12d0cd251789126da488b4643dc2d961,"batch 2, 15 Sep 2026",,,md/sp-l1-7/p024.md,false,0,false,128,4a99c3f2a7fbe71b42cd909df54c17a2cd16badd4ebe5382a4087d0a5cf75930,0,pending
12,sp-l1-7,25,108,/home/liebert511/PS/S&P L1-7.pdf,9964d15b91116f65625934d257da43bc12d0cd251789126da488b4643dc2d961,"batch 2, 15 Sep 2026",,,md/sp-l1-7/p025.md,false,0,false,128,4a99c3f2a7fbe71b42cd909df54c17a2cd16badd4ebe5382a4087d0a5cf75930,0,pending
12,sp-l1-7,26,108,/home/liebert511/PS/S&P L1-7.pdf,9964d15b91116f65625934d257da43bc12d0cd251789126da488b4643dc2d961,"batch 2, 15 Sep 2026",,,md/sp-l1-7/p026.md,false,0,false,96,9e5762d85fbf06f7fe7fc5efb8161fea383ee95567278abe94068b7027622442,0,pending
12,sp-l1-7,27,108,/home/liebert511/PS/S&P L1-7.pdf,9964d15b91116f65625934d257da43bc12d0cd251789126da488b4643dc2d961,"batch 2, 15 Sep 2026",,,md/sp-l1-7/p027.md,false,0,false,96,9e5762d85fbf06f7fe7fc5efb8161fea383ee95567278abe94068b7027622442,0,pending
12,sp-l1-7,28,108,/home/liebert511/PS/S&P L1-7.pdf,9964d15b91116f65625934d257da43bc12d0cd251789126da488b4643dc2d961,"batch 2, 15 Sep 2026",,,md/sp-l1-7/p028.md,false,0,false,96,9e5762d85fbf06f7fe7fc5efb8161fea383ee95567278abe94068b7027622442,0,pending
12,sp-l1-7,29,108,/home/liebert511/PS/S&P L1-7.pdf,9964d15b91116f65625934d257da43bc12d0cd251789126da488b4643dc2d961,"batch 2, 15 Sep 2026",,,md/sp-l1-7/p029.md,false,0,false,533,3efead26cea3741706ac729da6f1c12d2bcc84f7fedaea210476eb772f4a30b6,0,pending
12,sp-l1-7,30,108,/home/liebert511/PS/S&P L1-7.pdf,9964d15b91116f65625934d257da43bc12d0cd251789126da488b4643dc2d961,"batch 2, 15 Sep 2026",,,md/sp-l1-7/p030.md,false,0,false,138,71ca929dd058dce1ae237f400f39871248f5b277ebc54a154842f7fa380e2ece,0,pending
12,sp-l1-7,31,108,/home/liebert511/PS/S&P L1-7.pdf,9964d15b91116f65625934d257da43bc12d0cd251789126da488b4643dc2d961,"batch 2, 15 Sep 2026",,,md/sp-l1-7/p031.md,false,0,false,1108,e4900d28bc816c4a4f8da14f1fd95aa513e8de65d94048a3d0b0ba6ebda7ce63,1,pending
12,sp-l1-7,32,108,/home/liebert511/PS/S&P L1-7.pdf,9964d15b91116f65625934d257da43bc12d0cd251789126da488b4643dc2d961,"batch 2, 15 Sep 2026",,,md/sp-l1-7/p032.md,false,0,false,1098,ba8d2753368ea35d34ef93166b23a297b384b8f30da57e33fc04f0fe72bee2d0,1,pending
12,sp-l1-7,33,108,/home/liebert511/PS/S&P L1-7.pdf,9964d15b91116f65625934d257da43bc12d0cd251789126da488b4643dc2d961,"batch 2, 15 Sep 2026",,,md/sp-l1-7/p033.md,false,0,false,900,d852c7614f3dc0a630646bec52fdda1b4403da4a09750c45ae9df21674354db0,1,pending
12,sp-l1-7,34,108,/home/liebert511/PS/S&P L1-7.pdf,9964d15b91116f65625934d257da43bc12d0cd251789126da488b4643dc2d961,"batch 2, 15 Sep 2026",,,md/sp-l1-7/p034.md,false,0,false,895,58dec804ed7334148b13f50b8cb59d743d81be43c5f9ac4b3176a02a0b11f4ce,1,pending
12,sp-l1-7,35,108,/home/liebert511/PS/S&P L1-7.pdf,9964d15b91116f65625934d257da43bc12d0cd251789126da488b4643dc2d961,"batch 2, 15 Sep 2026",,,md/sp-l1-7/p035.md,false,0,false,161,9c726eac770f6428794bacf28de024776c1b82988c5e9c277e01f82e569ca209,1,pending
12,sp-l1-7,36,108,/home/liebert511/PS/S&P L1-7.pdf,9964d15b91116f65625934d257da43bc12d0cd251789126da488b4643dc2d961,"batch 2, 15 Sep 2026",,,md/sp-l1-7/p036.md,false,0,false,194,401116dea50c7f89fb8d294801dad06d4736c845db6c4dd4a093d7edbc20b986,0,pending
12,sp-l1-7,37,108,/home/liebert511/PS/S&P L1-7.pdf,9964d15b91116f65625934d257da43bc12d0cd251789126da488b4643dc2d961,"batch 2, 15 Sep 2026",,,md/sp-l1-7/p037.md,false,0,false,130,add07b6cde40424a7ae149b70de4990e8536b8ff92158f2f14bd5008997f67f8,0,pending
12,sp-l1-7,38,108,/home/liebert511/PS/S&P L1-7.pdf,9964d15b91116f65625934d257da43bc12d0cd251789126da488b4643dc2d961,"batch 2, 15 Sep 2026",,,md/sp-l1-7/p038.md,false,0,false,96,9e5762d85fbf06f7fe7fc5efb8161fea383ee95567278abe94068b7027622442,0,pending
12,sp-l1-7,39,108,/home/liebert511/PS/S&P L1-7.pdf,9964d15b91116f65625934d257da43bc12d0cd251789126da488b4643dc2d961,"batch 2, 15 Sep 2026",,,md/sp-l1-7/p039.md,false,0,false,105,9dcae346d03071f93a3b2dbaf9f5441e6ba680bdd4d022bef8a4e4ffdc08d915,1,pending
12,sp-l1-7,40,108,/home/liebert511/PS/S&P L1-7.pdf,9964d15b91116f65625934d257da43bc12d0cd251789126da488b4643dc2d961,"batch 2, 15 Sep 2026",,,md/sp-l1-7/p040.md,false,0,false,270,c0d1ff4500bdeeea20831cf08dace4084ac88b3c3e9e2b59d32e42a69be87ed3,0,pending
12,sp-l1-7,41,108,/home/liebert511/PS/S&P L1-7.pdf,9964d15b91116f65625934d257da43bc12d0cd251789126da488b4643dc2d961,"batch 2, 15 Sep 2026",,,md/sp-l1-7/p041.md,false,0,false,481,ce090f681eb587f540669b14f5f0ea646960f2fe13205b4ad0795a6946ceda72,1,pending
12,sp-l1-7,42,108,/home/liebert511/PS/S&P L1-7.pdf,9964d15b91116f65625934d257da43bc12d0cd251789126da488b4643dc2d961,"batch 2, 15 Sep 2026",,,md/sp-l1-7/p042.md,false,0,false,136,e5c512a83f6b2417077b5ffed1d1990c32e43ba0677455c8685c57bf56616136,0,pending
12,sp-l1-7,43,108,/home/liebert511/PS/S&P L1-7.pdf,9964d15b91116f65625934d257da43bc12d0cd251789126da488b4643dc2d961,"batch 2, 15 Sep 2026",,,md/sp-l1-7/p043.md,false,0,false,136,e5c512a83f6b2417077b5ffed1d1990c32e43ba0677455c8685c57bf56616136,0,pending
12,sp-l1-7,44,108,/home/liebert511/PS/S&P L1-7.pdf,9964d15b91116f65625934d257da43bc12d0cd251789126da488b4643dc2d961,"batch 2, 15 Sep 2026",,,md/sp-l1-7/p044.md,false,0,false,136,e5c512a83f6b2417077b5ffed1d1990c32e43ba0677455c8685c57bf56616136,0,pending
12,sp-l1-7,45,108,/home/liebert511/PS/S&P L1-7.pdf,9964d15b91116f65625934d257da43bc12d0cd251789126da488b4643dc2d961,"batch 2, 15 Sep 2026",,,md/sp-l1-7/p045.md,false,0,false,136,e5c512a83f6b2417077b5ffed1d1990c32e43ba0677455c8685c57bf56616136,0,pending
12,sp-l1-7,46,108,/home/liebert511/PS/S&P L1-7.pdf,9964d15b91116f65625934d257da43bc12d0cd251789126da488b4643dc2d961,"batch 2, 15 Sep 2026",,,md/sp-l1-7/p046.md,false,0,false,136,e5c512a83f6b2417077b5ffed1d1990c32e43ba0677455c8685c57bf56616136,0,pending
12,sp-l1-7,47,108,/home/liebert511/PS/S&P L1-7.pdf,9964d15b91116f65625934d257da43bc12d0cd251789126da488b4643dc2d961,"batch 2, 15 Sep 2026",,,md/sp-l1-7/p047.md,false,0,false,136,e5c512a83f6b2417077b5ffed1d1990c32e43ba0677455c8685c57bf56616136,0,pending
12,sp-l1-7,48,108,/home/liebert511/PS/S&P L1-7.pdf,9964d15b91116f65625934d257da43bc12d0cd251789126da488b4643dc2d961,"batch 2, 15 Sep 2026",,,md/sp-l1-7/p048.md,false,0,false,136,e5c512a83f6b2417077b5ffed1d1990c32e43ba0677455c8685c57bf56616136,0,pending
12,sp-l1-7,49,108,/home/liebert511/PS/S&P L1-7.pdf,9964d15b91116f65625934d257da43bc12d0cd251789126da488b4643dc2d961,"batch 2, 15 Sep 2026",,,md/sp-l1-7/p049.md,false,0,false,168,97b497c3ecb4109ced7ab095d5c256a324cbf990d74dbc8060a2371f12316c6a,0,pending
12,sp-l1-7,50,108,/home/liebert511/PS/S&P L1-7.pdf,9964d15b91116f65625934d257da43bc12d0cd251789126da488b4643dc2d961,"batch 2, 15 Sep 2026",,,md/sp-l1-7/p050.md,false,0,false,136,e5c512a83f6b2417077b5ffed1d1990c32e43ba0677455c8685c57bf56616136,0,pending
12,sp-l1-7,51,108,/home/liebert511/PS/S&P L1-7.pdf,9964d15b91116f65625934d257da43bc12d0cd251789126da488b4643dc2d961,"batch 2, 15 Sep 2026",,,md/sp-l1-7/p051.md,false,0,false,136,e5c512a83f6b2417077b5ffed1d1990c32e43ba0677455c8685c57bf56616136,0,pending
12,sp-l1-7,52,108,/home/liebert511/PS/S&P L1-7.pdf,9964d15b91116f65625934d257da43bc12d0cd251789126da488b4643dc2d961,"batch 2, 15 Sep 2026",,,md/sp-l1-7/p052.md,false,0,false,842,f4df7dd8cc1c19d107d4bf7ed6dd60cbf92ca97322b43adee2fe485357409920,0,pending
12,sp-l1-7,53,108,/home/liebert511/PS/S&P L1-7.pdf,9964d15b91116f65625934d257da43bc12d0cd251789126da488b4643dc2d961,"batch 2, 15 Sep 2026",,,md/sp-l1-7/p053.md,false,0,false,767,2484f9556c1e7f11c6a5bd95a20e26097c885c584b89c18b3bb2793a3ae0966a,0,pending
12,sp-l1-7,54,108,/home/liebert511/PS/S&P L1-7.pdf,9964d15b91116f65625934d257da43bc12d0cd251789126da488b4643dc2d961,"batch 2, 15 Sep 2026",,,md/sp-l1-7/p054.md,false,0,false,454,8b7ecad0dafab45b19cfd0204e4bc4836f22b3f6f1f56a5783bac6d15b4c31df,2,pending
12,sp-l1-7,55,108,/home/liebert511/PS/S&P L1-7.pdf,9964d15b91116f65625934d257da43bc12d0cd251789126da488b4643dc2d961,"batch 2, 15 Sep 2026",,,md/sp-l1-7/p055.md,false,0,false,165,48bbbd189eaf4b8492768e9f5d0cab8c0ee737c6eb3e3a743042c7ffab32c8bb,1,pending
12,sp-l1-7,56,108,/home/liebert511/PS/S&P L1-7.pdf,9964d15b91116f65625934d257da43bc12d0cd251789126da488b4643dc2d961,"batch 2, 15 Sep 2026",,,md/sp-l1-7/p056.md,false,0,false,145,0ce9eb569fb324d691f474b2df9060e23e83ac5ce0a3f418a51d236f564097d3,0,pending
12,sp-l1-7,57,108,/home/liebert511/PS/S&P L1-7.pdf,9964d15b91116f65625934d257da43bc12d0cd251789126da488b4643dc2d961,"batch 2, 15 Sep 2026",,,md/sp-l1-7/p057.md,false,0,false,222,1963a023d27ce5557c1f0c964593276e2144641b5815677f4c21f3a86b7dbc38,0,pending
12,sp-l1-7,58,108,/home/liebert511/PS/S&P L1-7.pdf,9964d15b91116f65625934d257da43bc12d0cd251789126da488b4643dc2d961,"batch 2, 15 Sep 2026",,,md/sp-l1-7/p058.md,false,0,false,154,e86533f5ebd1041cc198438ebaef6be0e258dafe3a871f0c149b713d04eb1127,1,pending
12,sp-l1-7,59,108,/home/liebert511/PS/S&P L1-7.pdf,9964d15b91116f65625934d257da43bc12d0cd251789126da488b4643dc2d961,"batch 2, 15 Sep 2026",,,md/sp-l1-7/p059.md,false,0,false,145,0ce9eb569fb324d691f474b2df9060e23e83ac5ce0a3f418a51d236f564097d3,0,pending
12,sp-l1-7,60,108,/home/liebert511/PS/S&P L1-7.pdf,9964d15b91116f65625934d257da43bc12d0cd251789126da488b4643dc2d961,"batch 2, 15 Sep 2026",,,md/sp-l1-7/p060.md,false,0,false,154,e86533f5ebd1041cc198438ebaef6be0e258dafe3a871f0c149b713d04eb1127,1,pending
12,sp-l1-7,61,108,/home/liebert511/PS/S&P L1-7.pdf,9964d15b91116f65625934d257da43bc12d0cd251789126da488b4643dc2d961,"batch 2, 15 Sep 2026",,,md/sp-l1-7/p061.md,false,0,false,145,0ce9eb569fb324d691f474b2df9060e23e83ac5ce0a3f418a51d236f564097d3,0,pending
12,sp-l1-7,62,108,/home/liebert511/PS/S&P L1-7.pdf,9964d15b91116f65625934d257da43bc12d0cd251789126da488b4643dc2d961,"batch 2, 15 Sep 2026",,,md/sp-l1-7/p062.md,false,0,false,178,d4e6b339fa6584518a95c7ede0a138f7652550abe3c7a2ac3015718cb21c75dd,0,pending
12,sp-l1-7,63,108,/home/liebert511/PS/S&P L1-7.pdf,9964d15b91116f65625934d257da43bc12d0cd251789126da488b4643dc2d961,"batch 2, 15 Sep 2026",,,md/sp-l1-7/p063.md,false,0,false,145,0ce9eb569fb324d691f474b2df9060e23e83ac5ce0a3f418a51d236f564097d3,0,pending
12,sp-l1-7,64,108,/home/liebert511/PS/S&P L1-7.pdf,9964d15b91116f65625934d257da43bc12d0cd251789126da488b4643dc2d961,"batch 2, 15 Sep 2026",,,md/sp-l1-7/p064.md,false,0,false,145,0ce9eb569fb324d691f474b2df9060e23e83ac5ce0a3f418a51d236f564097d3,0,pending
12,sp-l1-7,65,108,/home/liebert511/PS/S&P L1-7.pdf,9964d15b91116f65625934d257da43bc12d0cd251789126da488b4643dc2d961,"batch 2, 15 Sep 2026",,,md/sp-l1-7/p065.md,false,0,false,145,0ce9eb569fb324d691f474b2df9060e23e83ac5ce0a3f418a51d236f564097d3,0,pending
12,sp-l1-7,66,108,/home/liebert511/PS/S&P L1-7.pdf,9964d15b91116f65625934d257da43bc12d0cd251789126da488b4643dc2d961,"batch 2, 15 Sep 2026",,,md/sp-l1-7/p066.md,false,0,false,145,0ce9eb569fb324d691f474b2df9060e23e83ac5ce0a3f418a51d236f564097d3,0,pending
12,sp-l1-7,67,108,/home/liebert511/PS/S&P L1-7.pdf,9964d15b91116f65625934d257da43bc12d0cd251789126da488b4643dc2d961,"batch 2, 15 Sep 2026",,,md/sp-l1-7/p067.md,false,0,false,145,0ce9eb569fb324d691f474b2df9060e23e83ac5ce0a3f418a51d236f564097d3,0,pending
12,sp-l1-7,68,108,/home/liebert511/PS/S&P L1-7.pdf,9964d15b91116f65625934d257da43bc12d0cd251789126da488b4643dc2d961,"batch 2, 15 Sep 2026",,,md/sp-l1-7/p068.md,false,0,false,157,5aac7e581b237d63de0fa61f130cfd9d7fe508ad5fd4ba0a811d86ea7a1ce4a1,0,pending
12,sp-l1-7,69,108,/home/liebert511/PS/S&P L1-7.pdf,9964d15b91116f65625934d257da43bc12d0cd251789126da488b4643dc2d961,"batch 2, 15 Sep 2026",,,md/sp-l1-7/p069.md,false,0,false,145,0ce9eb569fb324d691f474b2df9060e23e83ac5ce0a3f418a51d236f564097d3,0,pending
12,sp-l1-7,70,108,/home/liebert511/PS/S&P L1-7.pdf,9964d15b91116f65625934d257da43bc12d0cd251789126da488b4643dc2d961,"batch 2, 15 Sep 2026",,,md/sp-l1-7/p070.md,false,0,false,154,3a229441772b6909d38000612a8097ae04543a08324f65c0fc6bc9d828b81c49,0,pending
12,sp-l1-7,71,108,/home/liebert511/PS/S&P L1-7.pdf,9964d15b91116f65625934d257da43bc12d0cd251789126da488b4643dc2d961,"batch 2, 15 Sep 2026",,,md/sp-l1-7/p071.md,false,0,false,145,0ce9eb569fb324d691f474b2df9060e23e83ac5ce0a3f418a51d236f564097d3,0,pending
12,sp-l1-7,72,108,/home/liebert511/PS/S&P L1-7.pdf,9964d15b91116f65625934d257da43bc12d0cd251789126da488b4643dc2d961,"batch 2, 15 Sep 2026",,,md/sp-l1-7/p072.md,false,0,false,145,0ce9eb569fb324d691f474b2df9060e23e83ac5ce0a3f418a51d236f564097d3,0,pending
12,sp-l1-7,73,108,/home/liebert511/PS/S&P L1-7.pdf,9964d15b91116f65625934d257da43bc12d0cd251789126da488b4643dc2d961,"batch 2, 15 Sep 2026",,,md/sp-l1-7/p073.md,false,0,false,153,400174bf10e3c025821c42b30974cd959c1016ccf279e7d97c1e3dec037e82d4,0,pending
12,sp-l1-7,74,108,/home/liebert511/PS/S&P L1-7.pdf,9964d15b91116f65625934d257da43bc12d0cd251789126da488b4643dc2d961,"batch 2, 15 Sep 2026",,,md/sp-l1-7/p074.md,false,0,false,145,0ce9eb569fb324d691f474b2df9060e23e83ac5ce0a3f418a51d236f564097d3,0,pending
12,sp-l1-7,75,108,/home/liebert511/PS/S&P L1-7.pdf,9964d15b91116f65625934d257da43bc12d0cd251789126da488b4643dc2d961,"batch 2, 15 Sep 2026",,,md/sp-l1-7/p075.md,false,0,false,145,0ce9eb569fb324d691f474b2df9060e23e83ac5ce0a3f418a51d236f564097d3,0,pending
12,sp-l1-7,76,108,/home/liebert511/PS/S&P L1-7.pdf,9964d15b91116f65625934d257da43bc12d0cd251789126da488b4643dc2d961,"batch 2, 15 Sep 2026",,,md/sp-l1-7/p076.md,false,0,false,169,98106e6eb39e870c5c51ea4f7ffc25bcb1ed7d504c32c87ff7d528e4015dab5f,0,pending
12,sp-l1-7,77,108,/home/liebert511/PS/S&P L1-7.pdf,9964d15b91116f65625934d257da43bc12d0cd251789126da488b4643dc2d961,"batch 2, 15 Sep 2026",,,md/sp-l1-7/p077.md,false,0,false,202,181312e99981a5b8cb9f0b5833fa46adc2088be08b05ab73d87729143f3d1542,0,pending
12,sp-l1-7,78,108,/home/liebert511/PS/S&P L1-7.pdf,9964d15b91116f65625934d257da43bc12d0cd251789126da488b4643dc2d961,"batch 2, 15 Sep 2026",,,md/sp-l1-7/p078.md,false,0,false,145,0ce9eb569fb324d691f474b2df9060e23e83ac5ce0a3f418a51d236f564097d3,0,pending
12,sp-l1-7,79,108,/home/liebert511/PS/S&P L1-7.pdf,9964d15b91116f65625934d257da43bc12d0cd251789126da488b4643dc2d961,"batch 2, 15 Sep 2026",,,md/sp-l1-7/p079.md,false,0,false,145,0ce9eb569fb324d691f474b2df9060e23e83ac5ce0a3f418a51d236f564097d3,0,pending
12,sp-l1-7,80,108,/home/liebert511/PS/S&P L1-7.pdf,9964d15b91116f65625934d257da43bc12d0cd251789126da488b4643dc2d961,"batch 2, 15 Sep 2026",,,md/sp-l1-7/p080.md,false,0,false,145,0ce9eb569fb324d691f474b2df9060e23e83ac5ce0a3f418a51d236f564097d3,0,pending
12,sp-l1-7,81,108,/home/liebert511/PS/S&P L1-7.pdf,9964d15b91116f65625934d257da43bc12d0cd251789126da488b4643dc2d961,"batch 2, 15 Sep 2026",,,md/sp-l1-7/p081.md,false,0,false,145,0ce9eb569fb324d691f474b2df9060e23e83ac5ce0a3f418a51d236f564097d3,0,pending
12,sp-l1-7,82,108,/home/liebert511/PS/S&P L1-7.pdf,9964d15b91116f65625934d257da43bc12d0cd251789126da488b4643dc2d961,"batch 2, 15 Sep 2026",,,md/sp-l1-7/p082.md,false,0,false,451,990bef22ee52aad95a5ae216fad4ae63c02c02fd364820656f151ad7353b8d7d,0,pending
12,sp-l1-7,83,108,/home/liebert511/PS/S&P L1-7.pdf,9964d15b91116f65625934d257da43bc12d0cd251789126da488b4643dc2d961,"batch 2, 15 Sep 2026",,,md/sp-l1-7/p083.md,false,0,false,186,32494002fa314a86308987fb03df8d7b5d8dbc46b3f86657408edeb1a703c4fe,0,pending
12,sp-l1-7,84,108,/home/liebert511/PS/S&P L1-7.pdf,9964d15b91116f65625934d257da43bc12d0cd251789126da488b4643dc2d961,"batch 2, 15 Sep 2026",,,md/sp-l1-7/p084.md,false,0,false,145,0ce9eb569fb324d691f474b2df9060e23e83ac5ce0a3f418a51d236f564097d3,0,pending
12,sp-l1-7,85,108,/home/liebert511/PS/S&P L1-7.pdf,9964d15b91116f65625934d257da43bc12d0cd251789126da488b4643dc2d961,"batch 2, 15 Sep 2026",,,md/sp-l1-7/p085.md,false,0,false,145,0ce9eb569fb324d691f474b2df9060e23e83ac5ce0a3f418a51d236f564097d3,0,pending
12,sp-l1-7,86,108,/home/liebert511/PS/S&P L1-7.pdf,9964d15b91116f65625934d257da43bc12d0cd251789126da488b4643dc2d961,"batch 2, 15 Sep 2026",,,md/sp-l1-7/p086.md,false,0,false,145,0ce9eb569fb324d691f474b2df9060e23e83ac5ce0a3f418a51d236f564097d3,0,pending
12,sp-l1-7,87,108,/home/liebert511/PS/S&P L1-7.pdf,9964d15b91116f65625934d257da43bc12d0cd251789126da488b4643dc2d961,"batch 2, 15 Sep 2026",,,md/sp-l1-7/p087.md,false,0,false,145,0ce9eb569fb324d691f474b2df9060e23e83ac5ce0a3f418a51d236f564097d3,0,pending
12,sp-l1-7,88,108,/home/liebert511/PS/S&P L1-7.pdf,9964d15b91116f65625934d257da43bc12d0cd251789126da488b4643dc2d961,"batch 2, 15 Sep 2026",,,md/sp-l1-7/p088.md,false,0,false,692,419f400f38a1a919444b63151d4ae19540bb5809ccea616f0df60d76917afbea,0,pending
12,sp-l1-7,89,108,/home/liebert511/PS/S&P L1-7.pdf,9964d15b91116f65625934d257da43bc12d0cd251789126da488b4643dc2d961,"batch 2, 15 Sep 2026",,,md/sp-l1-7/p089.md,false,0,false,197,9b385a122d4ad5a9e2697eb02f4f58e95f82a2d674b380d73d4e8d1e01500821,0,pending
12,sp-l1-7,90,108,/home/liebert511/PS/S&P L1-7.pdf,9964d15b91116f65625934d257da43bc12d0cd251789126da488b4643dc2d961,"batch 2, 15 Sep 2026",,,md/sp-l1-7/p090.md,false,0,false,145,0ce9eb569fb324d691f474b2df9060e23e83ac5ce0a3f418a51d236f564097d3,0,pending
12,sp-l1-7,91,108,/home/liebert511/PS/S&P L1-7.pdf,9964d15b91116f65625934d257da43bc12d0cd251789126da488b4643dc2d961,"batch 2, 15 Sep 2026",,,md/sp-l1-7/p091.md,false,0,false,145,0ce9eb569fb324d691f474b2df9060e23e83ac5ce0a3f418a51d236f564097d3,0,pending
12,sp-l1-7,92,108,/home/liebert511/PS/S&P L1-7.pdf,9964d15b91116f65625934d257da43bc12d0cd251789126da488b4643dc2d961,"batch 2, 15 Sep 2026",,,md/sp-l1-7/p092.md,false,0,false,445,0fb0ee76329cd954477bc29ea5aae75eb907eef945ca767846ea81e4362c4a3a,0,pending
12,sp-l1-7,93,108,/home/liebert511/PS/S&P L1-7.pdf,9964d15b91116f65625934d257da43bc12d0cd251789126da488b4643dc2d961,"batch 2, 15 Sep 2026",,,md/sp-l1-7/p093.md,false,0,false,457,bbc0cbae22895a45d4c89db9bb04f76b57650a93a04c28d612024806b5d5856f,0,pending
12,sp-l1-7,94,108,/home/liebert511/PS/S&P L1-7.pdf,9964d15b91116f65625934d257da43bc12d0cd251789126da488b4643dc2d961,"batch 2, 15 Sep 2026",,,md/sp-l1-7/p094.md,false,0,false,145,0ce9eb569fb324d691f474b2df9060e23e83ac5ce0a3f418a51d236f564097d3,0,pending
12,sp-l1-7,95,108,/home/liebert511/PS/S&P L1-7.pdf,9964d15b91116f65625934d257da43bc12d0cd251789126da488b4643dc2d961,"batch 2, 15 Sep 2026",,,md/sp-l1-7/p095.md,false,0,false,145,0ce9eb569fb324d691f474b2df9060e23e83ac5ce0a3f418a51d236f564097d3,0,pending
12,sp-l1-7,96,108,/home/liebert511/PS/S&P L1-7.pdf,9964d15b91116f65625934d257da43bc12d0cd251789126da488b4643dc2d961,"batch 2, 15 Sep 2026",,,md/sp-l1-7/p096.md,false,0,false,145,0ce9eb569fb324d691f474b2df9060e23e83ac5ce0a3f418a51d236f564097d3,0,pending
12,sp-l1-7,97,108,/home/liebert511/PS/S&P L1-7.pdf,9964d15b91116f65625934d257da43bc12d0cd251789126da488b4643dc2d961,"batch 2, 15 Sep 2026",,,md/sp-l1-7/p097.md,false,0,false,145,0ce9eb569fb324d691f474b2df9060e23e83ac5ce0a3f418a51d236f564097d3,0,pending
12,sp-l1-7,98,108,/home/liebert511/PS/S&P L1-7.pdf,9964d15b91116f65625934d257da43bc12d0cd251789126da488b4643dc2d961,"batch 2, 15 Sep 2026",,,md/sp-l1-7/p098.md,false,0,false,145,0ce9eb569fb324d691f474b2df9060e23e83ac5ce0a3f418a51d236f564097d3,0,pending
12,sp-l1-7,99,108,/home/liebert511/PS/S&P L1-7.pdf,9964d15b91116f65625934d257da43bc12d0cd251789126da488b4643dc2d961,"batch 2, 15 Sep 2026",,,md/sp-l1-7/p099.md,false,0,false,145,0ce9eb569fb324d691f474b2df9060e23e83ac5ce0a3f418a51d236f564097d3,0,pending
12,sp-l1-7,100,108,/home/liebert511/PS/S&P L1-7.pdf,9964d15b91116f65625934d257da43bc12d0cd251789126da488b4643dc2d961,"batch 2, 15 Sep 2026",,,md/sp-l1-7/p100.md,false,0,false,145,0ce9eb569fb324d691f474b2df9060e23e83ac5ce0a3f418a51d236f564097d3,0,pending
12,sp-l1-7,101,108,/home/liebert511/PS/S&P L1-7.pdf,9964d15b91116f65625934d257da43bc12d0cd251789126da488b4643dc2d961,"batch 2, 15 Sep 2026",,,md/sp-l1-7/p101.md,false,0,false,145,0ce9eb569fb324d691f474b2df9060e23e83ac5ce0a3f418a51d236f564097d3,0,pending
12,sp-l1-7,102,108,/home/liebert511/PS/S&P L1-7.pdf,9964d15b91116f65625934d257da43bc12d0cd251789126da488b4643dc2d961,"batch 2, 15 Sep 2026",,,md/sp-l1-7/p102.md,false,0,false,145,0ce9eb569fb324d691f474b2df9060e23e83ac5ce0a3f418a51d236f564097d3,0,pending
12,sp-l1-7,103,108,/home/liebert511/PS/S&P L1-7.pdf,9964d15b91116f65625934d257da43bc12d0cd251789126da488b4643dc2d961,"batch 2, 15 Sep 2026",,,md/sp-l1-7/p103.md,false,0,false,145,0ce9eb569fb324d691f474b2df9060e23e83ac5ce0a3f418a51d236f564097d3,0,pending
12,sp-l1-7,104,108,/home/liebert511/PS/S&P L1-7.pdf,9964d15b91116f65625934d257da43bc12d0cd251789126da488b4643dc2d961,"batch 2, 15 Sep 2026",,,md/sp-l1-7/p104.md,false,0,false,145,0ce9eb569fb324d691f474b2df9060e23e83ac5ce0a3f418a51d236f564097d3,0,pending
12,sp-l1-7,105,108,/home/liebert511/PS/S&P L1-7.pdf,9964d15b91116f65625934d257da43bc12d0cd251789126da488b4643dc2d961,"batch 2, 15 Sep 2026",,,md/sp-l1-7/p105.md,false,0,false,145,0ce9eb569fb324d691f474b2df9060e23e83ac5ce0a3f418a51d236f564097d3,0,pending
12,sp-l1-7,106,108,/home/liebert511/PS/S&P L1-7.pdf,9964d15b91116f65625934d257da43bc12d0cd251789126da488b4643dc2d961,"batch 2, 15 Sep 2026",,,md/sp-l1-7/p106.md,false,0,false,145,0ce9eb569fb324d691f474b2df9060e23e83ac5ce0a3f418a51d236f564097d3,0,pending
12,sp-l1-7,107,108,/home/liebert511/PS/S&P L1-7.pdf,9964d15b91116f65625934d257da43bc12d0cd251789126da488b4643dc2d961,"batch 2, 15 Sep 2026",,,md/sp-l1-7/p107.md,false,0,false,145,0ce9eb569fb324d691f474b2df9060e23e83ac5ce0a3f418a51d236f564097d3,0,pending
12,sp-l1-7,108,108,/home/liebert511/PS/S&P L1-7.pdf,9964d15b91116f65625934d257da43bc12d0cd251789126da488b4643dc2d961,"batch 2, 15 Sep 2026",,,md/sp-l1-7/p108.md,false,0,false,145,0ce9eb569fb324d691f474b2df9060e23e83ac5ce0a3f418a51d236f564097d3,0,pending
13,sp-l8-9,1,37,/home/liebert511/PS/S&P L8-9.pdf,4355535f729b39261aa0349069eaa0cdfab294d6f0e747fb69557b8e7162310c,"batch 2, 15 Sep 2026",,,md/sp-l8-9/p001.md,false,0,false,319,b0e83e793273aeee6a6cc54dfcb0ebce8e820e61ddae8597c5a4768315a84e01,0,pending
13,sp-l8-9,2,37,/home/liebert511/PS/S&P L8-9.pdf,4355535f729b39261aa0349069eaa0cdfab294d6f0e747fb69557b8e7162310c,"batch 2, 15 Sep 2026",,,md/sp-l8-9/p002.md,false,0,false,297,b57883cecb4d318678197edb32efac9e7a69c2676fcc629c23476bfc488249a6,0,pending
13,sp-l8-9,3,37,/home/liebert511/PS/S&P L8-9.pdf,4355535f729b39261aa0349069eaa0cdfab294d6f0e747fb69557b8e7162310c,"batch 2, 15 Sep 2026",,,md/sp-l8-9/p003.md,false,0,false,206,2fadc6a3eab18b958829f96d7b61b662393463bcdc2088f9b8007b3bb1d36883,0,pending
13,sp-l8-9,4,37,/home/liebert511/PS/S&P L8-9.pdf,4355535f729b39261aa0349069eaa0cdfab294d6f0e747fb69557b8e7162310c,"batch 2, 15 Sep 2026",,,md/sp-l8-9/p004.md,false,0,false,206,2fadc6a3eab18b958829f96d7b61b662393463bcdc2088f9b8007b3bb1d36883,0,pending
13,sp-l8-9,5,37,/home/liebert511/PS/S&P L8-9.pdf,4355535f729b39261aa0349069eaa0cdfab294d6f0e747fb69557b8e7162310c,"batch 2, 15 Sep 2026",,,md/sp-l8-9/p005.md,false,0,false,206,2fadc6a3eab18b958829f96d7b61b662393463bcdc2088f9b8007b3bb1d36883,0,pending
13,sp-l8-9,6,37,/home/liebert511/PS/S&P L8-9.pdf,4355535f729b39261aa0349069eaa0cdfab294d6f0e747fb69557b8e7162310c,"batch 2, 15 Sep 2026",,,md/sp-l8-9/p006.md,false,0,false,206,2fadc6a3eab18b958829f96d7b61b662393463bcdc2088f9b8007b3bb1d36883,0,pending
13,sp-l8-9,7,37,/home/liebert511/PS/S&P L8-9.pdf,4355535f729b39261aa0349069eaa0cdfab294d6f0e747fb69557b8e7162310c,"batch 2, 15 Sep 2026",,,md/sp-l8-9/p007.md,false,0,false,206,2fadc6a3eab18b958829f96d7b61b662393463bcdc2088f9b8007b3bb1d36883,0,pending
13,sp-l8-9,8,37,/home/liebert511/PS/S&P L8-9.pdf,4355535f729b39261aa0349069eaa0cdfab294d6f0e747fb69557b8e7162310c,"batch 2, 15 Sep 2026",,,md/sp-l8-9/p008.md,false,0,false,683,6fadca180783e7cdff9c0ea22562037b5ee5626f30ca1788d8cda2d9cd882872,0,pending
13,sp-l8-9,9,37,/home/liebert511/PS/S&P L8-9.pdf,4355535f729b39261aa0349069eaa0cdfab294d6f0e747fb69557b8e7162310c,"batch 2, 15 Sep 2026",,,md/sp-l8-9/p009.md,false,0,false,206,2fadc6a3eab18b958829f96d7b61b662393463bcdc2088f9b8007b3bb1d36883,0,pending
13,sp-l8-9,10,37,/home/liebert511/PS/S&P L8-9.pdf,4355535f729b39261aa0349069eaa0cdfab294d6f0e747fb69557b8e7162310c,"batch 2, 15 Sep 2026",,,md/sp-l8-9/p010.md,false,0,false,206,2fadc6a3eab18b958829f96d7b61b662393463bcdc2088f9b8007b3bb1d36883,0,pending
13,sp-l8-9,11,37,/home/liebert511/PS/S&P L8-9.pdf,4355535f729b39261aa0349069eaa0cdfab294d6f0e747fb69557b8e7162310c,"batch 2, 15 Sep 2026",,,md/sp-l8-9/p011.md,false,0,false,206,2fadc6a3eab18b958829f96d7b61b662393463bcdc2088f9b8007b3bb1d36883,0,pending
13,sp-l8-9,12,37,/home/liebert511/PS/S&P L8-9.pdf,4355535f729b39261aa0349069eaa0cdfab294d6f0e747fb69557b8e7162310c,"batch 2, 15 Sep 2026",,,md/sp-l8-9/p012.md,false,0,false,206,2fadc6a3eab18b958829f96d7b61b662393463bcdc2088f9b8007b3bb1d36883,0,pending
13,sp-l8-9,13,37,/home/liebert511/PS/S&P L8-9.pdf,4355535f729b39261aa0349069eaa0cdfab294d6f0e747fb69557b8e7162310c,"batch 2, 15 Sep 2026",,,md/sp-l8-9/p013.md,false,0,false,206,2fadc6a3eab18b958829f96d7b61b662393463bcdc2088f9b8007b3bb1d36883,0,pending
13,sp-l8-9,14,37,/home/liebert511/PS/S&P L8-9.pdf,4355535f729b39261aa0349069eaa0cdfab294d6f0e747fb69557b8e7162310c,"batch 2, 15 Sep 2026",,,md/sp-l8-9/p014.md,false,0,false,206,2fadc6a3eab18b958829f96d7b61b662393463bcdc2088f9b8007b3bb1d36883,0,pending
13,sp-l8-9,15,37,/home/liebert511/PS/S&P L8-9.pdf,4355535f729b39261aa0349069eaa0cdfab294d6f0e747fb69557b8e7162310c,"batch 2, 15 Sep 2026",,,md/sp-l8-9/p015.md,false,0,false,206,2fadc6a3eab18b958829f96d7b61b662393463bcdc2088f9b8007b3bb1d36883,0,pending
13,sp-l8-9,16,37,/home/liebert511/PS/S&P L8-9.pdf,4355535f729b39261aa0349069eaa0cdfab294d6f0e747fb69557b8e7162310c,"batch 2, 15 Sep 2026",,,md/sp-l8-9/p016.md,false,0,false,206,2fadc6a3eab18b958829f96d7b61b662393463bcdc2088f9b8007b3bb1d36883,0,pending
13,sp-l8-9,17,37,/home/liebert511/PS/S&P L8-9.pdf,4355535f729b39261aa0349069eaa0cdfab294d6f0e747fb69557b8e7162310c,"batch 2, 15 Sep 2026",,,md/sp-l8-9/p017.md,false,0,false,245,9306bb1131b0b782da7012c462112fa5eb8925df500517bf018720beae3c4d2e,0,pending
13,sp-l8-9,18,37,/home/liebert511/PS/S&P L8-9.pdf,4355535f729b39261aa0349069eaa0cdfab294d6f0e747fb69557b8e7162310c,"batch 2, 15 Sep 2026",,,md/sp-l8-9/p018.md,false,0,false,206,2fadc6a3eab18b958829f96d7b61b662393463bcdc2088f9b8007b3bb1d36883,0,pending
13,sp-l8-9,19,37,/home/liebert511/PS/S&P L8-9.pdf,4355535f729b39261aa0349069eaa0cdfab294d6f0e747fb69557b8e7162310c,"batch 2, 15 Sep 2026",,,md/sp-l8-9/p019.md,false,0,false,206,2fadc6a3eab18b958829f96d7b61b662393463bcdc2088f9b8007b3bb1d36883,0,pending
13,sp-l8-9,20,37,/home/liebert511/PS/S&P L8-9.pdf,4355535f729b39261aa0349069eaa0cdfab294d6f0e747fb69557b8e7162310c,"batch 2, 15 Sep 2026",,,md/sp-l8-9/p020.md,false,0,false,307,e74fd3c4698c12cfbddcab4a15005a960ab31f7f88f620618223be2e600cf639,0,pending
13,sp-l8-9,21,37,/home/liebert511/PS/S&P L8-9.pdf,4355535f729b39261aa0349069eaa0cdfab294d6f0e747fb69557b8e7162310c,"batch 2, 15 Sep 2026",,,md/sp-l8-9/p021.md,false,0,false,616,38fe673825a506b0b5cf90f012054d0d8cef90289e743d69feeb218a43ab2376,0,pending
13,sp-l8-9,22,37,/home/liebert511/PS/S&P L8-9.pdf,4355535f729b39261aa0349069eaa0cdfab294d6f0e747fb69557b8e7162310c,"batch 2, 15 Sep 2026",,,md/sp-l8-9/p022.md,false,0,false,684,998bdf36502bcc3b2eba931cbc8a85664b89496dff7a763ee31d3a3fb69d4c4f,0,pending
13,sp-l8-9,23,37,/home/liebert511/PS/S&P L8-9.pdf,4355535f729b39261aa0349069eaa0cdfab294d6f0e747fb69557b8e7162310c,"batch 2, 15 Sep 2026",,,md/sp-l8-9/p023.md,false,0,false,292,db855df84fa3dc71ac5450cf3ce5890885af7f9f5a9089fd698391fa9f81d443,0,pending
13,sp-l8-9,24,37,/home/liebert511/PS/S&P L8-9.pdf,4355535f729b39261aa0349069eaa0cdfab294d6f0e747fb69557b8e7162310c,"batch 2, 15 Sep 2026",,,md/sp-l8-9/p024.md,false,0,false,654,8d0ea1ebb9899cc56f5550e3081198c0aa1fd103ab75aa58370a1e8e7a7a6256,0,pending
13,sp-l8-9,25,37,/home/liebert511/PS/S&P L8-9.pdf,4355535f729b39261aa0349069eaa0cdfab294d6f0e747fb69557b8e7162310c,"batch 2, 15 Sep 2026",,,md/sp-l8-9/p025.md,false,0,false,717,fed0a3d01c6c7004dd0adc38fb5967746ce76b362d7ea264fb92db16dcdc1088,0,pending
13,sp-l8-9,26,37,/home/liebert511/PS/S&P L8-9.pdf,4355535f729b39261aa0349069eaa0cdfab294d6f0e747fb69557b8e7162310c,"batch 2, 15 Sep 2026",,,md/sp-l8-9/p026.md,false,0,false,252,2fe4c7ecadbfa0f8b29e04f349956a494fcc66a743feca53adc2ccbe15925541,0,pending
13,sp-l8-9,27,37,/home/liebert511/PS/S&P L8-9.pdf,4355535f729b39261aa0349069eaa0cdfab294d6f0e747fb69557b8e7162310c,"batch 2, 15 Sep 2026",,,md/sp-l8-9/p027.md,false,0,false,634,53117b569c4543967fb5863c67645fa64b79b6fdfc240fffe675d5cb60676bd0,0,pending
13,sp-l8-9,28,37,/home/liebert511/PS/S&P L8-9.pdf,4355535f729b39261aa0349069eaa0cdfab294d6f0e747fb69557b8e7162310c,"batch 2, 15 Sep 2026",,,md/sp-l8-9/p028.md,false,0,false,206,2fadc6a3eab18b958829f96d7b61b662393463bcdc2088f9b8007b3bb1d36883,0,pending
13,sp-l8-9,29,37,/home/liebert511/PS/S&P L8-9.pdf,4355535f729b39261aa0349069eaa0cdfab294d6f0e747fb69557b8e7162310c,"batch 2, 15 Sep 2026",,,md/sp-l8-9/p029.md,false,0,false,693,9d5109753a9b3d6f54f9d971ec9feed1a7cba7c81a754cb020f611b6b5ce0a29,0,pending
13,sp-l8-9,30,37,/home/liebert511/PS/S&P L8-9.pdf,4355535f729b39261aa0349069eaa0cdfab294d6f0e747fb69557b8e7162310c,"batch 2, 15 Sep 2026",,,md/sp-l8-9/p030.md,false,0,false,244,3939f1cf4a78ab98e41e9f38b618770d81b89f0f5c4238257207f652de254445,0,pending
13,sp-l8-9,31,37,/home/liebert511/PS/S&P L8-9.pdf,4355535f729b39261aa0349069eaa0cdfab294d6f0e747fb69557b8e7162310c,"batch 2, 15 Sep 2026",,,md/sp-l8-9/p031.md,false,0,false,599,1a6b328e69858276886a011d30ed8664f3e415630c87abd2fc1c1e250b6a7994,0,pending
13,sp-l8-9,32,37,/home/liebert511/PS/S&P L8-9.pdf,4355535f729b39261aa0349069eaa0cdfab294d6f0e747fb69557b8e7162310c,"batch 2, 15 Sep 2026",,,md/sp-l8-9/p032.md,false,0,false,790,afc7b431314d2755d90a3fed3bed76981065c1af8e52787927ad19ecdafe5fe1,0,pending
13,sp-l8-9,33,37,/home/liebert511/PS/S&P L8-9.pdf,4355535f729b39261aa0349069eaa0cdfab294d6f0e747fb69557b8e7162310c,"batch 2, 15 Sep 2026",,,md/sp-l8-9/p033.md,false,0,false,392,77af2029278f38c006a72bf55b30bc8a80826562444b9316733d97b4a14b01fb,0,pending
13,sp-l8-9,34,37,/home/liebert511/PS/S&P L8-9.pdf,4355535f729b39261aa0349069eaa0cdfab294d6f0e747fb69557b8e7162310c,"batch 2, 15 Sep 2026",,,md/sp-l8-9/p034.md,false,0,false,708,c3d31e08e671e5002be41bc318516f5906cf8246a4c7a46fea744e11fba0b539,0,pending
13,sp-l8-9,35,37,/home/liebert511/PS/S&P L8-9.pdf,4355535f729b39261aa0349069eaa0cdfab294d6f0e747fb69557b8e7162310c,"batch 2, 15 Sep 2026",,,md/sp-l8-9/p035.md,false,0,false,619,63961ea2e24c84ba2f09d3cefa916e4cdb15a19ab77d77acbea98c66b77c70c2,0,pending
13,sp-l8-9,36,37,/home/liebert511/PS/S&P L8-9.pdf,4355535f729b39261aa0349069eaa0cdfab294d6f0e747fb69557b8e7162310c,"batch 2, 15 Sep 2026",,,md/sp-l8-9/p036.md,false,0,false,224,133260bfa06cac245121d7ec072954333a024c3651e87a79828db38d32cabe0c,0,pending
13,sp-l8-9,37,37,/home/liebert511/PS/S&P L8-9.pdf,4355535f729b39261aa0349069eaa0cdfab294d6f0e747fb69557b8e7162310c,"batch 2, 15 Sep 2026",,,md/sp-l8-9/p037.md,false,0,false,206,2fadc6a3eab18b958829f96d7b61b662393463bcdc2088f9b8007b3bb1d36883,0,pending
14,sp-l10-11-chebyshev,1,9,/home/liebert511/PS/S&P L10-11 Chebyshev's inequality.pdf,243d38ef0722c40ff00e6d24a1126ef557ca35f5e0733c9ac30d162ca9df5aad,"batch 2, 15 Sep 2026",,,md/sp-l10-11-chebyshev/p001.md,false,0,false,118,58e41b08694d0b69c9f21f92ab43070ed34b786427d17995e89caf8f24267739,0,pending
14,sp-l10-11-chebyshev,2,9,/home/liebert511/PS/S&P L10-11 Chebyshev's inequality.pdf,243d38ef0722c40ff00e6d24a1126ef557ca35f5e0733c9ac30d162ca9df5aad,"batch 2, 15 Sep 2026",,,md/sp-l10-11-chebyshev/p002.md,false,0,false,921,bbb4b43e43de9a444eb3a23b8af84355f186780a26250a144c9cf1516835bfe0,0,pending
14,sp-l10-11-chebyshev,3,9,/home/liebert511/PS/S&P L10-11 Chebyshev's inequality.pdf,243d38ef0722c40ff00e6d24a1126ef557ca35f5e0733c9ac30d162ca9df5aad,"batch 2, 15 Sep 2026",,,md/sp-l10-11-chebyshev/p003.md,false,0,false,833,afe240cab307dbae9dcd5e305d8c0f741a7e35d0785745b867cdf35582432069,1,pending
14,sp-l10-11-chebyshev,4,9,/home/liebert511/PS/S&P L10-11 Chebyshev's inequality.pdf,243d38ef0722c40ff00e6d24a1126ef557ca35f5e0733c9ac30d162ca9df5aad,"batch 2, 15 Sep 2026",,,md/sp-l10-11-chebyshev/p004.md,false,0,false,366,d2043036a36cd874973b649b08a8a2f8f204d2644f855edc053f0cdd4d273a8e,1,pending
14,sp-l10-11-chebyshev,5,9,/home/liebert511/PS/S&P L10-11 Chebyshev's inequality.pdf,243d38ef0722c40ff00e6d24a1126ef557ca35f5e0733c9ac30d162ca9df5aad,"batch 2, 15 Sep 2026",,,md/sp-l10-11-chebyshev/p005.md,false,0,false,704,dbdc96550fdfae9ce3deadaeca0ebfffb2c20fb95e58e3b207959633d19584a9,1,pending
14,sp-l10-11-chebyshev,6,9,/home/liebert511/PS/S&P L10-11 Chebyshev's inequality.pdf,243d38ef0722c40ff00e6d24a1126ef557ca35f5e0733c9ac30d162ca9df5aad,"batch 2, 15 Sep 2026",,,md/sp-l10-11-chebyshev/p006.md,false,0,false,1084,041f513cbff05298b3ec1158be33e68978765d51ac620a8ce08e8e1ec0e07bbb,1,pending
14,sp-l10-11-chebyshev,7,9,/home/liebert511/PS/S&P L10-11 Chebyshev's inequality.pdf,243d38ef0722c40ff00e6d24a1126ef557ca35f5e0733c9ac30d162ca9df5aad,"batch 2, 15 Sep 2026",,,md/sp-l10-11-chebyshev/p007.md,false,0,false,522,4a5c503f56931510b4e10a917e27bf03b21d22499b384848760c9ba5bb869056,1,pending
14,sp-l10-11-chebyshev,8,9,/home/liebert511/PS/S&P L10-11 Chebyshev's inequality.pdf,243d38ef0722c40ff00e6d24a1126ef557ca35f5e0733c9ac30d162ca9df5aad,"batch 2, 15 Sep 2026",,,md/sp-l10-11-chebyshev/p008.md,false,0,false,1438,734cb5c346b759a9cc6ad4559f414591ce51a871a76e4e7db1d84b71f5956703,1,pending
14,sp-l10-11-chebyshev,9,9,/home/liebert511/PS/S&P L10-11 Chebyshev's inequality.pdf,243d38ef0722c40ff00e6d24a1126ef557ca35f5e0733c9ac30d162ca9df5aad,"batch 2, 15 Sep 2026",,,md/sp-l10-11-chebyshev/p009.md,false,0,false,229,2b07be666dec59563e95e8a7df19c65fbff531c5c92518b59c154d66c7ae8c52,0,pending
15,sp-l12-13-discrete,1,28,/home/liebert511/PS/S&P L12-13 Discrete Probability Distribution.pdf,a3aadaa677bb1f9b3953b1f8dd7beedb4f7367de1a856115e5cf05d8c7840d68,"batch 2, 15 Sep 2026",,,md/sp-l12-13-discrete/p001.md,false,0,false,241,afd733251458330ebb582de005addbf1df1400e528674b3fe452fdc24616342f,0,pending
15,sp-l12-13-discrete,2,28,/home/liebert511/PS/S&P L12-13 Discrete Probability Distribution.pdf,a3aadaa677bb1f9b3953b1f8dd7beedb4f7367de1a856115e5cf05d8c7840d68,"batch 2, 15 Sep 2026",,,md/sp-l12-13-discrete/p002.md,false,0,false,201,f50b179732ec7c331edb0fea462511c62926f7106a5cdeaf66b18a15bdbdd90d,0,pending
15,sp-l12-13-discrete,3,28,/home/liebert511/PS/S&P L12-13 Discrete Probability Distribution.pdf,a3aadaa677bb1f9b3953b1f8dd7beedb4f7367de1a856115e5cf05d8c7840d68,"batch 2, 15 Sep 2026",,,md/sp-l12-13-discrete/p003.md,false,0,false,326,d99aae622802a8030b4ea5e089dd419e249577929223b02f5c5a756293840c20,0,pending
15,sp-l12-13-discrete,4,28,/home/liebert511/PS/S&P L12-13 Discrete Probability Distribution.pdf,a3aadaa677bb1f9b3953b1f8dd7beedb4f7367de1a856115e5cf05d8c7840d68,"batch 2, 15 Sep 2026",,,md/sp-l12-13-discrete/p004.md,false,0,false,474,8e59d4a6ac07d6e2e931ce4009282c56ae667e5b15009077dbca1bda5f3755bd,0,pending
15,sp-l12-13-discrete,5,28,/home/liebert511/PS/S&P L12-13 Discrete Probability Distribution.pdf,a3aadaa677bb1f9b3953b1f8dd7beedb4f7367de1a856115e5cf05d8c7840d68,"batch 2, 15 Sep 2026",,,md/sp-l12-13-discrete/p005.md,false,0,false,503,7c18f9196317c00334bbbd26a19e1fa7e56da7e9eb92eb5d42f38f2f957efd1e,0,pending
15,sp-l12-13-discrete,6,28,/home/liebert511/PS/S&P L12-13 Discrete Probability Distribution.pdf,a3aadaa677bb1f9b3953b1f8dd7beedb4f7367de1a856115e5cf05d8c7840d68,"batch 2, 15 Sep 2026",,,md/sp-l12-13-discrete/p006.md,false,0,false,1196,ef32cab2263f477240aaa3333589649e55d37bd55323b1d2ce5ff80a7e93d078,0,pending
15,sp-l12-13-discrete,7,28,/home/liebert511/PS/S&P L12-13 Discrete Probability Distribution.pdf,a3aadaa677bb1f9b3953b1f8dd7beedb4f7367de1a856115e5cf05d8c7840d68,"batch 2, 15 Sep 2026",,,md/sp-l12-13-discrete/p007.md,false,0,false,210,162e414b97dfbc124979befd4afba6d22b8588f780ff33ebd1a209e19b0f05b5,0,pending
15,sp-l12-13-discrete,8,28,/home/liebert511/PS/S&P L12-13 Discrete Probability Distribution.pdf,a3aadaa677bb1f9b3953b1f8dd7beedb4f7367de1a856115e5cf05d8c7840d68,"batch 2, 15 Sep 2026",,,md/sp-l12-13-discrete/p008.md,false,0,false,472,31804abbb0c2b4518b4e75f158232b13866704b91a2ddb6d3fe7fbd61ac6230e,0,pending
15,sp-l12-13-discrete,9,28,/home/liebert511/PS/S&P L12-13 Discrete Probability Distribution.pdf,a3aadaa677bb1f9b3953b1f8dd7beedb4f7367de1a856115e5cf05d8c7840d68,"batch 2, 15 Sep 2026",,,md/sp-l12-13-discrete/p009.md,false,0,false,493,618534530af16fe72d592dcea2fedd3d721e5b401f43a23a6e7488117e497ee1,0,pending
15,sp-l12-13-discrete,10,28,/home/liebert511/PS/S&P L12-13 Discrete Probability Distribution.pdf,a3aadaa677bb1f9b3953b1f8dd7beedb4f7367de1a856115e5cf05d8c7840d68,"batch 2, 15 Sep 2026",,,md/sp-l12-13-discrete/p010.md,false,0,false,473,45da3c5ef9d8be98ac661ea9bd9534c1037e8e80a87379c5063cfc4475891fbc,0,pending
15,sp-l12-13-discrete,11,28,/home/liebert511/PS/S&P L12-13 Discrete Probability Distribution.pdf,a3aadaa677bb1f9b3953b1f8dd7beedb4f7367de1a856115e5cf05d8c7840d68,"batch 2, 15 Sep 2026",,,md/sp-l12-13-discrete/p011.md,false,0,false,502,db1d172d364fa9b7aeb62c0759b5762d3e42051a0628032ad745724418f9e26b,0,pending
15,sp-l12-13-discrete,12,28,/home/liebert511/PS/S&P L12-13 Discrete Probability Distribution.pdf,a3aadaa677bb1f9b3953b1f8dd7beedb4f7367de1a856115e5cf05d8c7840d68,"batch 2, 15 Sep 2026",,,md/sp-l12-13-discrete/p012.md,false,0,false,185,6cabbb2cc1ce7b74612b1499231da0f3432db42b7b5fee340abce2e60b287b26,0,pending
15,sp-l12-13-discrete,13,28,/home/liebert511/PS/S&P L12-13 Discrete Probability Distribution.pdf,a3aadaa677bb1f9b3953b1f8dd7beedb4f7367de1a856115e5cf05d8c7840d68,"batch 2, 15 Sep 2026",,,md/sp-l12-13-discrete/p013.md,false,0,false,988,4cae1aab1dd2919b2af08eedbdf0b3b7d3d43946fd435826dc932e75b42a3b99,1,pending
15,sp-l12-13-discrete,14,28,/home/liebert511/PS/S&P L12-13 Discrete Probability Distribution.pdf,a3aadaa677bb1f9b3953b1f8dd7beedb4f7367de1a856115e5cf05d8c7840d68,"batch 2, 15 Sep 2026",,,md/sp-l12-13-discrete/p014.md,false,0,false,748,3244b224931ec77b1f7340da4f9c176574be448d346876962896537f344f0f91,0,pending
15,sp-l12-13-discrete,15,28,/home/liebert511/PS/S&P L12-13 Discrete Probability Distribution.pdf,a3aadaa677bb1f9b3953b1f8dd7beedb4f7367de1a856115e5cf05d8c7840d68,"batch 2, 15 Sep 2026",,,md/sp-l12-13-discrete/p015.md,false,0,false,878,ebf4497cb631369708ffbb3ced16d2a36404d8f7a965fc09f02c06951bed42d6,0,pending
15,sp-l12-13-discrete,16,28,/home/liebert511/PS/S&P L12-13 Discrete Probability Distribution.pdf,a3aadaa677bb1f9b3953b1f8dd7beedb4f7367de1a856115e5cf05d8c7840d68,"batch 2, 15 Sep 2026",,,md/sp-l12-13-discrete/p016.md,false,0,false,835,572970e0ae3545526f398447a382d114b0b8e8a5ef81cd44219fa213cc355b9c,0,pending
15,sp-l12-13-discrete,17,28,/home/liebert511/PS/S&P L12-13 Discrete Probability Distribution.pdf,a3aadaa677bb1f9b3953b1f8dd7beedb4f7367de1a856115e5cf05d8c7840d68,"batch 2, 15 Sep 2026",,,md/sp-l12-13-discrete/p017.md,false,0,false,904,f6ee41bf28d98b818d18e8f6555354862ca00fec68a80cdbd9fda66fec810100,2,pending
15,sp-l12-13-discrete,18,28,/home/liebert511/PS/S&P L12-13 Discrete Probability Distribution.pdf,a3aadaa677bb1f9b3953b1f8dd7beedb4f7367de1a856115e5cf05d8c7840d68,"batch 2, 15 Sep 2026",,,md/sp-l12-13-discrete/p018.md,false,0,false,1266,e5c60bd45cabefcbd1ebb162d3d75189d34f755a2aa893257591ce1de633a395,1,pending
15,sp-l12-13-discrete,19,28,/home/liebert511/PS/S&P L12-13 Discrete Probability Distribution.pdf,a3aadaa677bb1f9b3953b1f8dd7beedb4f7367de1a856115e5cf05d8c7840d68,"batch 2, 15 Sep 2026",,,md/sp-l12-13-discrete/p019.md,false,0,false,200,e8b009880e763691a503e3effea3b38e51d4032d25dc46a3ac15574320a4e89c,0,pending
15,sp-l12-13-discrete,20,28,/home/liebert511/PS/S&P L12-13 Discrete Probability Distribution.pdf,a3aadaa677bb1f9b3953b1f8dd7beedb4f7367de1a856115e5cf05d8c7840d68,"batch 2, 15 Sep 2026",,,md/sp-l12-13-discrete/p020.md,false,0,false,246,d263353f04a4966b8297a0bcccea39cebedd54001be4013a6dbb537b0612845f,0,pending
15,sp-l12-13-discrete,21,28,/home/liebert511/PS/S&P L12-13 Discrete Probability Distribution.pdf,a3aadaa677bb1f9b3953b1f8dd7beedb4f7367de1a856115e5cf05d8c7840d68,"batch 2, 15 Sep 2026",,,md/sp-l12-13-discrete/p021.md,false,0,false,679,7d69fa235c77b6f36365800b9e20a2c28391eb425152b24a95ea651ea574702f,0,pending
15,sp-l12-13-discrete,22,28,/home/liebert511/PS/S&P L12-13 Discrete Probability Distribution.pdf,a3aadaa677bb1f9b3953b1f8dd7beedb4f7367de1a856115e5cf05d8c7840d68,"batch 2, 15 Sep 2026",,,md/sp-l12-13-discrete/p022.md,false,0,false,579,3e7cbb646ec964cb957f4a39910bead6fcf7f52c7b7ec5484be9b13842e9252e,0,pending
15,sp-l12-13-discrete,23,28,/home/liebert511/PS/S&P L12-13 Discrete Probability Distribution.pdf,a3aadaa677bb1f9b3953b1f8dd7beedb4f7367de1a856115e5cf05d8c7840d68,"batch 2, 15 Sep 2026",,,md/sp-l12-13-discrete/p023.md,false,0,false,635,c7d32a39e3591bb775a798f6d2ff4858c44a89108f4153f28183185f60d9e1c2,0,pending
15,sp-l12-13-discrete,24,28,/home/liebert511/PS/S&P L12-13 Discrete Probability Distribution.pdf,a3aadaa677bb1f9b3953b1f8dd7beedb4f7367de1a856115e5cf05d8c7840d68,"batch 2, 15 Sep 2026",,,md/sp-l12-13-discrete/p024.md,false,0,false,201,867ab6f23c65a7d2ee06b70febfa96c8472e10d587f0c80dc54b65cc95c12028,0,pending
15,sp-l12-13-discrete,25,28,/home/liebert511/PS/S&P L12-13 Discrete Probability Distribution.pdf,a3aadaa677bb1f9b3953b1f8dd7beedb4f7367de1a856115e5cf05d8c7840d68,"batch 2, 15 Sep 2026",,,md/sp-l12-13-discrete/p025.md,false,0,false,757,27b662b114bdca6694216911db0d1a0a43ceffa4f97006b08fd5140adf0b7905,1,pending
15,sp-l12-13-discrete,26,28,/home/liebert511/PS/S&P L12-13 Discrete Probability Distribution.pdf,a3aadaa677bb1f9b3953b1f8dd7beedb4f7367de1a856115e5cf05d8c7840d68,"batch 2, 15 Sep 2026",,,md/sp-l12-13-discrete/p026.md,false,0,false,733,60335087edbed6fab3441e4e6a597fdc8f3ecb534c1c5e59277d53b79adc8273,1,pending
15,sp-l12-13-discrete,27,28,/home/liebert511/PS/S&P L12-13 Discrete Probability Distribution.pdf,a3aadaa677bb1f9b3953b1f8dd7beedb4f7367de1a856115e5cf05d8c7840d68,"batch 2, 15 Sep 2026",,,md/sp-l12-13-discrete/p027.md,false,0,false,868,2ab402ba7544dfabd8f3296b3967ceb212e31679ef83a12585ef40bd83c87851,1,pending
15,sp-l12-13-discrete,28,28,/home/liebert511/PS/S&P L12-13 Discrete Probability Distribution.pdf,a3aadaa677bb1f9b3953b1f8dd7beedb4f7367de1a856115e5cf05d8c7840d68,"batch 2, 15 Sep 2026",,,md/sp-l12-13-discrete/p028.md,false,0,false,350,f94ed0b4c38c162b556eae65a3bf99264ddeef2e08c0e57715132e024212ce12,0,pending
16,sp-l14-15-continuous,1,44,/home/liebert511/PS/S&P L14-15 Continuous Probability Distribution.pdf,474b90ee94a172f89954f75bfa3cb8b7ecf1cdeab9d73eb12e1104029191f77c,"batch 2, 15 Sep 2026",,,md/sp-l14-15-continuous/p001.md,false,0,false,245,2374e48c69b33c8dcc79b294b6d7dbeb84f87a3f1bf73e67c720e5569a597841,0,pending
16,sp-l14-15-continuous,2,44,/home/liebert511/PS/S&P L14-15 Continuous Probability Distribution.pdf,474b90ee94a172f89954f75bfa3cb8b7ecf1cdeab9d73eb12e1104029191f77c,"batch 2, 15 Sep 2026",,,md/sp-l14-15-continuous/p002.md,false,0,false,696,9611541d4957ccd8119aa80f5e4ce5a8d5deb23b180182f923cc75b586805990,0,pending
16,sp-l14-15-continuous,3,44,/home/liebert511/PS/S&P L14-15 Continuous Probability Distribution.pdf,474b90ee94a172f89954f75bfa3cb8b7ecf1cdeab9d73eb12e1104029191f77c,"batch 2, 15 Sep 2026",,,md/sp-l14-15-continuous/p003.md,false,0,false,774,61a31a432198a1bc91ece16c001289d6990b84c6e85d15939baff78bb5828e47,0,pending
16,sp-l14-15-continuous,4,44,/home/liebert511/PS/S&P L14-15 Continuous Probability Distribution.pdf,474b90ee94a172f89954f75bfa3cb8b7ecf1cdeab9d73eb12e1104029191f77c,"batch 2, 15 Sep 2026",,,md/sp-l14-15-continuous/p004.md,false,0,false,1058,f37d22791d54aa39cdf5ccaa1fe5bf9f01123644709da20d803c5defd1a413b6,0,pending
16,sp-l14-15-continuous,5,44,/home/liebert511/PS/S&P L14-15 Continuous Probability Distribution.pdf,474b90ee94a172f89954f75bfa3cb8b7ecf1cdeab9d73eb12e1104029191f77c,"batch 2, 15 Sep 2026",,,md/sp-l14-15-continuous/p005.md,false,0,false,762,b5e06d0bb47f16d8160035afcb467651a213382fceab1b652ffde7b1ae670eb8,0,pending
16,sp-l14-15-continuous,6,44,/home/liebert511/PS/S&P L14-15 Continuous Probability Distribution.pdf,474b90ee94a172f89954f75bfa3cb8b7ecf1cdeab9d73eb12e1104029191f77c,"batch 2, 15 Sep 2026",,,md/sp-l14-15-continuous/p006.md,false,0,false,1207,6ff1dc226d7c3c49682be8a4606834b71c4e1b028481b5fbfa2c62d9e9fc166c,1,pending
16,sp-l14-15-continuous,7,44,/home/liebert511/PS/S&P L14-15 Continuous Probability Distribution.pdf,474b90ee94a172f89954f75bfa3cb8b7ecf1cdeab9d73eb12e1104029191f77c,"batch 2, 15 Sep 2026",,,md/sp-l14-15-continuous/p007.md,false,0,false,858,8b4e27d5ba5d55864596cbae5454581809fa2a899390425626e930db4d3be3d7,0,pending
16,sp-l14-15-continuous,8,44,/home/liebert511/PS/S&P L14-15 Continuous Probability Distribution.pdf,474b90ee94a172f89954f75bfa3cb8b7ecf1cdeab9d73eb12e1104029191f77c,"batch 2, 15 Sep 2026",,,md/sp-l14-15-continuous/p008.md,false,0,false,1151,f54289417b24e01088b27a6ef6ab23c72ad3ad58826d7f8ae9b742d949c08ca8,0,pending
16,sp-l14-15-continuous,9,44,/home/liebert511/PS/S&P L14-15 Continuous Probability Distribution.pdf,474b90ee94a172f89954f75bfa3cb8b7ecf1cdeab9d73eb12e1104029191f77c,"batch 2, 15 Sep 2026",,,md/sp-l14-15-continuous/p009.md,false,0,false,822,9b53e747d9871d811b7065b7690ffcf8ef2425dbf7e4721b89e478519cc807c2,0,pending
16,sp-l14-15-continuous,10,44,/home/liebert511/PS/S&P L14-15 Continuous Probability Distribution.pdf,474b90ee94a172f89954f75bfa3cb8b7ecf1cdeab9d73eb12e1104029191f77c,"batch 2, 15 Sep 2026",,,md/sp-l14-15-continuous/p010.md,false,0,false,411,65e1258096c0d85aed5212f0c1b3e7e8858e0bce8f6aedb203ac3d777f709aaf,0,pending
16,sp-l14-15-continuous,11,44,/home/liebert511/PS/S&P L14-15 Continuous Probability Distribution.pdf,474b90ee94a172f89954f75bfa3cb8b7ecf1cdeab9d73eb12e1104029191f77c,"batch 2, 15 Sep 2026",,,md/sp-l14-15-continuous/p011.md,false,0,false,1078,66b707109e9c7bc4f00e0c9f2c1f305ecd3a99899d20464d5f2368e058e2fb7b,0,pending
16,sp-l14-15-continuous,12,44,/home/liebert511/PS/S&P L14-15 Continuous Probability Distribution.pdf,474b90ee94a172f89954f75bfa3cb8b7ecf1cdeab9d73eb12e1104029191f77c,"batch 2, 15 Sep 2026",,,md/sp-l14-15-continuous/p012.md,false,0,false,1000,3428de7c2f001c82b013efde3e91d490f6ff2c5239485f9e0d630b7906977e5d,0,pending
16,sp-l14-15-continuous,13,44,/home/liebert511/PS/S&P L14-15 Continuous Probability Distribution.pdf,474b90ee94a172f89954f75bfa3cb8b7ecf1cdeab9d73eb12e1104029191f77c,"batch 2, 15 Sep 2026",,,md/sp-l14-15-continuous/p013.md,false,0,false,699,e59f7614affec646a45eafb7a8cf4e31d8b522b0c2e7514c897388ec2594536e,0,pending
16,sp-l14-15-continuous,14,44,/home/liebert511/PS/S&P L14-15 Continuous Probability Distribution.pdf,474b90ee94a172f89954f75bfa3cb8b7ecf1cdeab9d73eb12e1104029191f77c,"batch 2, 15 Sep 2026",,,md/sp-l14-15-continuous/p014.md,false,0,false,514,3cd5d0f0d71ae60c8fbfe048695a6877629b09a6c351dd2dd9f23d34b16cf8e6,0,pending
16,sp-l14-15-continuous,15,44,/home/liebert511/PS/S&P L14-15 Continuous Probability Distribution.pdf,474b90ee94a172f89954f75bfa3cb8b7ecf1cdeab9d73eb12e1104029191f77c,"batch 2, 15 Sep 2026",,,md/sp-l14-15-continuous/p015.md,false,0,false,665,02b541f1c6ca66098a94d6af6d74c799438cf207a6346e48e76646015e7bdc17,0,pending
16,sp-l14-15-continuous,16,44,/home/liebert511/PS/S&P L14-15 Continuous Probability Distribution.pdf,474b90ee94a172f89954f75bfa3cb8b7ecf1cdeab9d73eb12e1104029191f77c,"batch 2, 15 Sep 2026",,,md/sp-l14-15-continuous/p016.md,false,0,false,758,c58892b84b180fb7edfc1892fec7e92f6ff3534cd73da45fd8891da64648d0e3,0,pending
16,sp-l14-15-continuous,17,44,/home/liebert511/PS/S&P L14-15 Continuous Probability Distribution.pdf,474b90ee94a172f89954f75bfa3cb8b7ecf1cdeab9d73eb12e1104029191f77c,"batch 2, 15 Sep 2026",,,md/sp-l14-15-continuous/p017.md,false,0,false,352,10837696f18db6e9bc00d2715bd09d6ee9ef4b332d6c235e37a6a2cecd9ad9e3,0,pending
16,sp-l14-15-continuous,18,44,/home/liebert511/PS/S&P L14-15 Continuous Probability Distribution.pdf,474b90ee94a172f89954f75bfa3cb8b7ecf1cdeab9d73eb12e1104029191f77c,"batch 2, 15 Sep 2026",,,md/sp-l14-15-continuous/p018.md,false,0,false,745,ccef5bc8965de6d1f53d302970e060bb6872c22a97d62cd4937e700988e36180,0,pending
16,sp-l14-15-continuous,19,44,/home/liebert511/PS/S&P L14-15 Continuous Probability Distribution.pdf,474b90ee94a172f89954f75bfa3cb8b7ecf1cdeab9d73eb12e1104029191f77c,"batch 2, 15 Sep 2026",,,md/sp-l14-15-continuous/p019.md,false,0,false,1091,0fa67faf282747cd81dc6ff82ffffc55a553ce2356809cac76325888944fd229,0,pending
16,sp-l14-15-continuous,20,44,/home/liebert511/PS/S&P L14-15 Continuous Probability Distribution.pdf,474b90ee94a172f89954f75bfa3cb8b7ecf1cdeab9d73eb12e1104029191f77c,"batch 2, 15 Sep 2026",,,md/sp-l14-15-continuous/p020.md,false,0,false,806,20da71226f5f5b766032bde3caeb7cfdb5e7480ef6386903bbd5179d27a01d26,0,pending
16,sp-l14-15-continuous,21,44,/home/liebert511/PS/S&P L14-15 Continuous Probability Distribution.pdf,474b90ee94a172f89954f75bfa3cb8b7ecf1cdeab9d73eb12e1104029191f77c,"batch 2, 15 Sep 2026",,,md/sp-l14-15-continuous/p021.md,false,0,false,704,60e93107e9ce8eb2f0e2c66342c9b8e1504544918ceced1839dceebb2c854745,0,pending
16,sp-l14-15-continuous,22,44,/home/liebert511/PS/S&P L14-15 Continuous Probability Distribution.pdf,474b90ee94a172f89954f75bfa3cb8b7ecf1cdeab9d73eb12e1104029191f77c,"batch 2, 15 Sep 2026",,,md/sp-l14-15-continuous/p022.md,false,0,false,126,f364e4e8189aeeb27699dbb347be52861f5562aa8caa29db0bf6b5b55a39d6cc,0,pending
16,sp-l14-15-continuous,23,44,/home/liebert511/PS/S&P L14-15 Continuous Probability Distribution.pdf,474b90ee94a172f89954f75bfa3cb8b7ecf1cdeab9d73eb12e1104029191f77c,"batch 2, 15 Sep 2026",,,md/sp-l14-15-continuous/p023.md,false,0,false,96,9e1646bf7896edfc86062a5d354dae6237e98aaf6c84ea677d0c32a5cbde81db,0,pending
16,sp-l14-15-continuous,24,44,/home/liebert511/PS/S&P L14-15 Continuous Probability Distribution.pdf,474b90ee94a172f89954f75bfa3cb8b7ecf1cdeab9d73eb12e1104029191f77c,"batch 2, 15 Sep 2026",,,md/sp-l14-15-continuous/p024.md,false,0,false,96,9e1646bf7896edfc86062a5d354dae6237e98aaf6c84ea677d0c32a5cbde81db,0,pending
16,sp-l14-15-continuous,25,44,/home/liebert511/PS/S&P L14-15 Continuous Probability Distribution.pdf,474b90ee94a172f89954f75bfa3cb8b7ecf1cdeab9d73eb12e1104029191f77c,"batch 2, 15 Sep 2026",,,md/sp-l14-15-continuous/p025.md,false,0,false,96,9e1646bf7896edfc86062a5d354dae6237e98aaf6c84ea677d0c32a5cbde81db,0,pending
16,sp-l14-15-continuous,26,44,/home/liebert511/PS/S&P L14-15 Continuous Probability Distribution.pdf,474b90ee94a172f89954f75bfa3cb8b7ecf1cdeab9d73eb12e1104029191f77c,"batch 2, 15 Sep 2026",,,md/sp-l14-15-continuous/p026.md,false,0,false,724,ca26d2ebee2d11d3285d7506d2b9d1c5f1778380a796d67dae965c040ce642e8,1,pending
16,sp-l14-15-continuous,27,44,/home/liebert511/PS/S&P L14-15 Continuous Probability Distribution.pdf,474b90ee94a172f89954f75bfa3cb8b7ecf1cdeab9d73eb12e1104029191f77c,"batch 2, 15 Sep 2026",,,md/sp-l14-15-continuous/p027.md,false,0,false,1277,45f268e4667f893cb7681e32b596c8fa23e03a5055321ae83d976ae40af68d51,1,pending
16,sp-l14-15-continuous,28,44,/home/liebert511/PS/S&P L14-15 Continuous Probability Distribution.pdf,474b90ee94a172f89954f75bfa3cb8b7ecf1cdeab9d73eb12e1104029191f77c,"batch 2, 15 Sep 2026",,,md/sp-l14-15-continuous/p028.md,false,0,false,596,4ec7b4876d1f4d28b787e19e33774449253f52d463f390faee5bd765d62a6ba3,0,pending
16,sp-l14-15-continuous,29,44,/home/liebert511/PS/S&P L14-15 Continuous Probability Distribution.pdf,474b90ee94a172f89954f75bfa3cb8b7ecf1cdeab9d73eb12e1104029191f77c,"batch 2, 15 Sep 2026",,,md/sp-l14-15-continuous/p029.md,false,0,false,511,f1cfee24822f43d24039b00763fe8dc873df06c3f1b1029cf49386de73d47092,0,pending
16,sp-l14-15-continuous,30,44,/home/liebert511/PS/S&P L14-15 Continuous Probability Distribution.pdf,474b90ee94a172f89954f75bfa3cb8b7ecf1cdeab9d73eb12e1104029191f77c,"batch 2, 15 Sep 2026",,,md/sp-l14-15-continuous/p030.md,false,0,false,1024,c11148a2ef0fd1dd2decaf72269efc7c5de2175128a90851f2db692fc84dd5d7,0,pending
16,sp-l14-15-continuous,31,44,/home/liebert511/PS/S&P L14-15 Continuous Probability Distribution.pdf,474b90ee94a172f89954f75bfa3cb8b7ecf1cdeab9d73eb12e1104029191f77c,"batch 2, 15 Sep 2026",,,md/sp-l14-15-continuous/p031.md,false,0,false,1272,65e4da75251f6eff28eddb7e2eb8abb0e971acf96f3e3c888579a3e05008fc70,0,pending
16,sp-l14-15-continuous,32,44,/home/liebert511/PS/S&P L14-15 Continuous Probability Distribution.pdf,474b90ee94a172f89954f75bfa3cb8b7ecf1cdeab9d73eb12e1104029191f77c,"batch 2, 15 Sep 2026",,,md/sp-l14-15-continuous/p032.md,false,0,false,613,ebf62bca37b64b34c0ad9915384c920cb9abb4eebc0abc5b73ed5ae7674fa0bd,0,pending
16,sp-l14-15-continuous,33,44,/home/liebert511/PS/S&P L14-15 Continuous Probability Distribution.pdf,474b90ee94a172f89954f75bfa3cb8b7ecf1cdeab9d73eb12e1104029191f77c,"batch 2, 15 Sep 2026",,,md/sp-l14-15-continuous/p033.md,false,0,false,1238,8a7f817ba664bca22570eff025d4335f6d6afe9b85c65d3d6fb88e894338eb06,0,pending
16,sp-l14-15-continuous,34,44,/home/liebert511/PS/S&P L14-15 Continuous Probability Distribution.pdf,474b90ee94a172f89954f75bfa3cb8b7ecf1cdeab9d73eb12e1104029191f77c,"batch 2, 15 Sep 2026",,,md/sp-l14-15-continuous/p034.md,false,0,false,520,9c1b645a9c6ac1b70b202078ac561eac609cdd28bb1c2c10c087a4a9cefb11ef,0,pending
16,sp-l14-15-continuous,35,44,/home/liebert511/PS/S&P L14-15 Continuous Probability Distribution.pdf,474b90ee94a172f89954f75bfa3cb8b7ecf1cdeab9d73eb12e1104029191f77c,"batch 2, 15 Sep 2026",,,md/sp-l14-15-continuous/p035.md,false,0,false,721,0c2b1d956141214b6e245fdae790a68df53d759b1811f25554c1f018b3996fd6,1,pending
16,sp-l14-15-continuous,36,44,/home/liebert511/PS/S&P L14-15 Continuous Probability Distribution.pdf,474b90ee94a172f89954f75bfa3cb8b7ecf1cdeab9d73eb12e1104029191f77c,"batch 2, 15 Sep 2026",,,md/sp-l14-15-continuous/p036.md,false,0,false,1065,c6871e40a855bea7a8dc53bef887379580f71185e20c67ad8b9d37974127ac0f,0,pending
16,sp-l14-15-continuous,37,44,/home/liebert511/PS/S&P L14-15 Continuous Probability Distribution.pdf,474b90ee94a172f89954f75bfa3cb8b7ecf1cdeab9d73eb12e1104029191f77c,"batch 2, 15 Sep 2026",,,md/sp-l14-15-continuous/p037.md,false,0,false,793,2282aeccf08653ecb9233565dfc332c650c2063a0dbda14de6b4df1c607502e4,0,pending
16,sp-l14-15-continuous,38,44,/home/liebert511/PS/S&P L14-15 Continuous Probability Distribution.pdf,474b90ee94a172f89954f75bfa3cb8b7ecf1cdeab9d73eb12e1104029191f77c,"batch 2, 15 Sep 2026",,,md/sp-l14-15-continuous/p038.md,false,0,false,912,ea2c5272712331564dfaf49e9871ebcf823996998c60c3e40c2064658e2a5ac9,0,pending
16,sp-l14-15-continuous,39,44,/home/liebert511/PS/S&P L14-15 Continuous Probability Distribution.pdf,474b90ee94a172f89954f75bfa3cb8b7ecf1cdeab9d73eb12e1104029191f77c,"batch 2, 15 Sep 2026",,,md/sp-l14-15-continuous/p039.md,false,0,false,589,58f65542b85622054ebdb22584d757416b6401206e37d4ef6c0ec41a978949ac,0,pending
16,sp-l14-15-continuous,40,44,/home/liebert511/PS/S&P L14-15 Continuous Probability Distribution.pdf,474b90ee94a172f89954f75bfa3cb8b7ecf1cdeab9d73eb12e1104029191f77c,"batch 2, 15 Sep 2026",,,md/sp-l14-15-continuous/p040.md,false,0,false,897,769fbe11e1777c20a156dbb6fc2eb0bef786d882846e99ba21fe829f946e663c,0,pending
16,sp-l14-15-continuous,41,44,/home/liebert511/PS/S&P L14-15 Continuous Probability Distribution.pdf,474b90ee94a172f89954f75bfa3cb8b7ecf1cdeab9d73eb12e1104029191f77c,"batch 2, 15 Sep 2026",,,md/sp-l14-15-continuous/p041.md,false,0,false,1079,bcc1dc45bc527c85ade57c979f1ac5213d411730c2f7d93ee37af365ae8d8413,0,pending
16,sp-l14-15-continuous,42,44,/home/liebert511/PS/S&P L14-15 Continuous Probability Distribution.pdf,474b90ee94a172f89954f75bfa3cb8b7ecf1cdeab9d73eb12e1104029191f77c,"batch 2, 15 Sep 2026",,,md/sp-l14-15-continuous/p042.md,false,0,false,476,3d6dd28c7f80f09337a2dff1d6087554913990feab36e0b33c89e2e926290ba0,1,pending
16,sp-l14-15-continuous,43,44,/home/liebert511/PS/S&P L14-15 Continuous Probability Distribution.pdf,474b90ee94a172f89954f75bfa3cb8b7ecf1cdeab9d73eb12e1104029191f77c,"batch 2, 15 Sep 2026",,,md/sp-l14-15-continuous/p043.md,false,0,false,933,03de7867de5d574305054c98d34e284e1800d5b286ae24477d12a3dd1cad4678,1,pending
16,sp-l14-15-continuous,44,44,/home/liebert511/PS/S&P L14-15 Continuous Probability Distribution.pdf,474b90ee94a172f89954f75bfa3cb8b7ecf1cdeab9d73eb12e1104029191f77c,"batch 2, 15 Sep 2026",,,md/sp-l14-15-continuous/p044.md,false,0,false,479,f2facfa4a62b5b0f641c34c8ffd2ea7135acb44e7d50646832d3085256f9a609,0,pending
17,asgn-2024-25-1,1,2,/home/liebert511/PS/2024-2025-Assignment 1.pdf,e7b1afce3d9403d8da67ade94813c74508671a121c77015279acc8f00a191b71,"batch 2, 15 Sep 2026",,,md/asgn-2024-25-1/p001.md,false,0,false,3782,e1b2e84cdf0cd16469cd4c3668e2cd682d1b4fbed549ed4322600c951af3b0b8,6,pending
17,asgn-2024-25-1,2,2,/home/liebert511/PS/2024-2025-Assignment 1.pdf,e7b1afce3d9403d8da67ade94813c74508671a121c77015279acc8f00a191b71,"batch 2, 15 Sep 2026",,,md/asgn-2024-25-1/p002.md,false,0,false,4103,3ee4d6259e9052e73d2a7586f7d39f04bae3b58b1a9e4557cb46805c9da04aea,9,pending
18,asgn-2024-25-2,1,2,/home/liebert511/PS/2024-2025-Assignment 2.pdf,d6dfb6ac7a144efb0ee146d0576431f6b723fecab67a8fdd43ce1a4dcc186779,"batch 2, 15 Sep 2026",,,md/asgn-2024-25-2/p001.md,false,0,false,3634,608dffe3b3fb4ae5d61be3e0bd9611482b4ba4211e848d235a28ea4f3e5ad9dc,0,pending
18,asgn-2024-25-2,2,2,/home/liebert511/PS/2024-2025-Assignment 2.pdf,d6dfb6ac7a144efb0ee146d0576431f6b723fecab67a8fdd43ce1a4dcc186779,"batch 2, 15 Sep 2026",,,md/asgn-2024-25-2/p002.md,false,0,false,3637,3346229fe64c3fdd3d1f6e80c507a4f072c8f91c3c8198c26e155a8679ecc294,0,pending
19,asgn-2024-25-3,1,3,/home/liebert511/PS/2024-2025-Assignment 3.pdf,42dd780dd5ea226fa0314426a9a10568a2696f51e4af1b1f486916e3d7018a39,"batch 2, 15 Sep 2026",,,md/asgn-2024-25-3/p001.md,false,0,false,3087,068b2c1b4b97865989d5ebab437e3bbfb7e775d2cce5bb098505c18457403dd0,0,pending
19,asgn-2024-25-3,2,3,/home/liebert511/PS/2024-2025-Assignment 3.pdf,42dd780dd5ea226fa0314426a9a10568a2696f51e4af1b1f486916e3d7018a39,"batch 2, 15 Sep 2026",,,md/asgn-2024-25-3/p002.md,false,0,false,3049,68b71d97dcbba6298564d7ac7e4ca348115e6080c25300aff83f11b9bd5bf271,0,pending
19,asgn-2024-25-3,3,3,/home/liebert511/PS/2024-2025-Assignment 3.pdf,42dd780dd5ea226fa0314426a9a10568a2696f51e4af1b1f486916e3d7018a39,"batch 2, 15 Sep 2026",,,md/asgn-2024-25-3/p003.md,false,0,false,1110,613c4ea828796c9ca57943ee213eedf3c40553a57f9f79087a697533aee03ca9,0,pending
20,asgn-2024-25-3-ep2,1,2,/home/liebert511/PS/2024-2025-Assignment 3 Episode 2.pdf,e7593bc145a6db3fd42787b07952addd0df78f822ff3761688058d29d401e9e5,"batch 2, 15 Sep 2026",,,md/asgn-2024-25-3-ep2/p001.md,false,0,false,146,bcb41fbf1c57927945780f6890f46da5b2abb60b795f6e806abf473a744befb2,0,pending
20,asgn-2024-25-3-ep2,2,2,/home/liebert511/PS/2024-2025-Assignment 3 Episode 2.pdf,e7593bc145a6db3fd42787b07952addd0df78f822ff3761688058d29d401e9e5,"batch 2, 15 Sep 2026",,,md/asgn-2024-25-3-ep2/p002.md,false,0,false,146,bcb41fbf1c57927945780f6890f46da5b2abb60b795f6e806abf473a744befb2,0,pending
21,asgn-2024-25-4,1,3,/home/liebert511/PS/2024-2025-Assignment 4.pdf,0d09ac5c836886b0139e752bac55be7139853eea4ea6f7138f58938f75d9162b,"batch 2, 15 Sep 2026",,,md/asgn-2024-25-4/p001.md,false,0,false,1905,423dd84bc94db6797807c93402f955b8d34e1552c7edf14f5b70feade0ad22d4,0,pending
21,asgn-2024-25-4,2,3,/home/liebert511/PS/2024-2025-Assignment 4.pdf,0d09ac5c836886b0139e752bac55be7139853eea4ea6f7138f58938f75d9162b,"batch 2, 15 Sep 2026",,,md/asgn-2024-25-4/p002.md,false,0,false,2851,3008bd6a3aa2219b6d7de7313edcc17a03b99af193f4764b42abd6a8640f85bf,0,pending
21,asgn-2024-25-4,3,3,/home/liebert511/PS/2024-2025-Assignment 4.pdf,0d09ac5c836886b0139e752bac55be7139853eea4ea6f7138f58938f75d9162b,"batch 2, 15 Sep 2026",,,md/asgn-2024-25-4/p003.md,false,0,false,1572,83ac904ec78d8094c40c316a96970700734d023f154c07c2bf8e1a95ee131091,0,pending
22,asgn-2024-25-5,1,3,/home/liebert511/PS/2024-2025-Assignment 5.pdf,91e72d5ba3f40978694477c6de6b0df8d932efadeb397728ddb398759388944d,"batch 2, 15 Sep 2026",,,md/asgn-2024-25-5/p001.md,false,0,false,2696,ab20866db766e58cef2692e540cfb997d73d73112e1779e6a3f7be79745637de,0,pending
22,asgn-2024-25-5,2,3,/home/liebert511/PS/2024-2025-Assignment 5.pdf,91e72d5ba3f40978694477c6de6b0df8d932efadeb397728ddb398759388944d,"batch 2, 15 Sep 2026",,,md/asgn-2024-25-5/p002.md,false,0,false,3103,e36bc2c125dedb2d5d1fc8a97117e1c8721ccc546538261879783c0ab20cf1fb,0,pending
22,asgn-2024-25-5,3,3,/home/liebert511/PS/2024-2025-Assignment 5.pdf,91e72d5ba3f40978694477c6de6b0df8d932efadeb397728ddb398759388944d,"batch 2, 15 Sep 2026",,,md/asgn-2024-25-5/p003.md,false,0,false,2668,6d09018ad44d2bbc4ed208e87f6f05305a6bd6e995f18bc0fed11d09c600bd43,1,pending
23,asgn-2025-26-1-5,1,17,/home/liebert511/PS/2025-2026-S&P_assignments_1-5.pdf,93b2b997b3cf4d8576bc36628e6be690f397e69b5f2be101b28793ec75a8996e,"batch 2, 15 Sep 2026",,,md/asgn-2025-26-1-5/p001.md,false,0,false,3562,c62f4fb9d2b99de125ff2a3c2a8a55e74075b639712bee860c729eb8e13aaef6,3,pending
23,asgn-2025-26-1-5,2,17,/home/liebert511/PS/2025-2026-S&P_assignments_1-5.pdf,93b2b997b3cf4d8576bc36628e6be690f397e69b5f2be101b28793ec75a8996e,"batch 2, 15 Sep 2026",,,md/asgn-2025-26-1-5/p002.md,false,0,false,4187,dae34e72d2a890b9c795e2c8fc2bc65dcbe76ff82042a8c024d728605ad3c868,8,pending
23,asgn-2025-26-1-5,3,17,/home/liebert511/PS/2025-2026-S&P_assignments_1-5.pdf,93b2b997b3cf4d8576bc36628e6be690f397e69b5f2be101b28793ec75a8996e,"batch 2, 15 Sep 2026",,,md/asgn-2025-26-1-5/p003.md,false,0,false,4307,846aaf9fcb9d2cd92732bb20a6ce5e04a90d2dc6d0372fd4d88970867f6851ec,7,pending
23,asgn-2025-26-1-5,4,17,/home/liebert511/PS/2025-2026-S&P_assignments_1-5.pdf,93b2b997b3cf4d8576bc36628e6be690f397e69b5f2be101b28793ec75a8996e,"batch 2, 15 Sep 2026",,,md/asgn-2025-26-1-5/p004.md,false,0,false,1767,57a23e14b89275f9a02bcbe39dd0ae713bf1cea2bb518745def068575fb6bad6,1,pending
23,asgn-2025-26-1-5,5,17,/home/liebert511/PS/2025-2026-S&P_assignments_1-5.pdf,93b2b997b3cf4d8576bc36628e6be690f397e69b5f2be101b28793ec75a8996e,"batch 2, 15 Sep 2026",,,md/asgn-2025-26-1-5/p005.md,false,0,false,2017,8e29b9b0334bf847d8948faf9841344f2c6fcd8ffbff98cc0c4c4ef947e05f5a,6,pending
23,asgn-2025-26-1-5,6,17,/home/liebert511/PS/2025-2026-S&P_assignments_1-5.pdf,93b2b997b3cf4d8576bc36628e6be690f397e69b5f2be101b28793ec75a8996e,"batch 2, 15 Sep 2026",,,md/asgn-2025-26-1-5/p006.md,false,0,false,3314,53848202a4f3c17235a2e663819abb9a214ce3b7bc6c4c3ef91d40cd05b60e7f,11,pending
23,asgn-2025-26-1-5,7,17,/home/liebert511/PS/2025-2026-S&P_assignments_1-5.pdf,93b2b997b3cf4d8576bc36628e6be690f397e69b5f2be101b28793ec75a8996e,"batch 2, 15 Sep 2026",,,md/asgn-2025-26-1-5/p007.md,false,0,false,4187,5335e4b519f3343d0c7ee58a9df14ee84f17626d10e2d3c241234e74fa584cd7,12,pending
23,asgn-2025-26-1-5,8,17,/home/liebert511/PS/2025-2026-S&P_assignments_1-5.pdf,93b2b997b3cf4d8576bc36628e6be690f397e69b5f2be101b28793ec75a8996e,"batch 2, 15 Sep 2026",,,md/asgn-2025-26-1-5/p008.md,false,0,false,3181,253ae43373e280765ee7d635c8b85701a250fac98e2e89f5f8471b63597c82d3,7,pending
23,asgn-2025-26-1-5,9,17,/home/liebert511/PS/2025-2026-S&P_assignments_1-5.pdf,93b2b997b3cf4d8576bc36628e6be690f397e69b5f2be101b28793ec75a8996e,"batch 2, 15 Sep 2026",,,md/asgn-2025-26-1-5/p009.md,false,0,false,2681,1c1cd591024f0e1bf728b069eb3fabb0ac939e71d408bdcc3a3d503574081392,0,pending
23,asgn-2025-26-1-5,10,17,/home/liebert511/PS/2025-2026-S&P_assignments_1-5.pdf,93b2b997b3cf4d8576bc36628e6be690f397e69b5f2be101b28793ec75a8996e,"batch 2, 15 Sep 2026",,,md/asgn-2025-26-1-5/p010.md,false,0,false,3093,3551a2b2bdc797dab7d0649d743c0cce5cf00eaa91db4eb25c19d7b799866fa6,0,pending
23,asgn-2025-26-1-5,11,17,/home/liebert511/PS/2025-2026-S&P_assignments_1-5.pdf,93b2b997b3cf4d8576bc36628e6be690f397e69b5f2be101b28793ec75a8996e,"batch 2, 15 Sep 2026",,,md/asgn-2025-26-1-5/p011.md,false,0,false,2203,4efc88c127bda0ac4ee662d833555a6627a5805824af25e7f7095287034a88e0,0,pending
23,asgn-2025-26-1-5,12,17,/home/liebert511/PS/2025-2026-S&P_assignments_1-5.pdf,93b2b997b3cf4d8576bc36628e6be690f397e69b5f2be101b28793ec75a8996e,"batch 2, 15 Sep 2026",,,md/asgn-2025-26-1-5/p012.md,false,0,false,2248,c7a4cf46aed9d0f7bd0cf469097fa6566561f30ed8667c66368ebad546269e28,0,pending
23,asgn-2025-26-1-5,13,17,/home/liebert511/PS/2025-2026-S&P_assignments_1-5.pdf,93b2b997b3cf4d8576bc36628e6be690f397e69b5f2be101b28793ec75a8996e,"batch 2, 15 Sep 2026",,,md/asgn-2025-26-1-5/p013.md,false,0,false,3493,b1e1deb940fa5ac36d4c6580bb11521c71f34b2239b6a143ddfa62dcfaf43b36,0,pending
23,asgn-2025-26-1-5,14,17,/home/liebert511/PS/2025-2026-S&P_assignments_1-5.pdf,93b2b997b3cf4d8576bc36628e6be690f397e69b5f2be101b28793ec75a8996e,"batch 2, 15 Sep 2026",,,md/asgn-2025-26-1-5/p014.md,false,0,false,1538,ce3c87f3299612303457495a18df799179fe992714f973c5604c71b5c24f5b3a,0,pending
23,asgn-2025-26-1-5,15,17,/home/liebert511/PS/2025-2026-S&P_assignments_1-5.pdf,93b2b997b3cf4d8576bc36628e6be690f397e69b5f2be101b28793ec75a8996e,"batch 2, 15 Sep 2026",,,md/asgn-2025-26-1-5/p015.md,false,0,false,3003,166dc8c5be0bb955f3bfa39883f401627844513797b11dd72aed2399f8108d70,0,pending
23,asgn-2025-26-1-5,16,17,/home/liebert511/PS/2025-2026-S&P_assignments_1-5.pdf,93b2b997b3cf4d8576bc36628e6be690f397e69b5f2be101b28793ec75a8996e,"batch 2, 15 Sep 2026",,,md/asgn-2025-26-1-5/p016.md,false,0,false,3591,73dbfc6492366f5adae47c10519aa6ff5d2009c9146e3c3aa2a5ae57a460e3b3,1,pending
23,asgn-2025-26-1-5,17,17,/home/liebert511/PS/2025-2026-S&P_assignments_1-5.pdf,93b2b997b3cf4d8576bc36628e6be690f397e69b5f2be101b28793ec75a8996e,"batch 2, 15 Sep 2026",,,md/asgn-2025-26-1-5/p017.md,false,0,false,1275,60bab937c9b2ba24d542721673ca5b0ed5e932c71dd6babaca5d66334af6f512,0,pending
24,paper-mte-2025-26,1,3,/home/liebert511/PS/S&P_MTE_Sem-3_2025-2026.pdf,760fa24a41c8b16fe9a55593f051a3f611c6e1aeb26b5e5a770f61017672758c,"batch 2, 15 Sep 2026",ok,glm-5.3-flash,md/paper-mte-2025-26/p001.md,true,1063,false,4517,2201e7a1620aad8e749ae2b8a938fb0460d45c39f5a14a187beb855de8c68552,0,converted
24,paper-mte-2025-26,2,3,/home/liebert511/PS/S&P_MTE_Sem-3_2025-2026.pdf,760fa24a41c8b16fe9a55593f051a3f611c6e1aeb26b5e5a770f61017672758c,"batch 2, 15 Sep 2026",ok,glm-5.3-flash,md/paper-mte-2025-26/p002.md,true,2059,false,8749,f4e9b8a14d9e9801ed70d26e741ec75652ff7762d150b84d79c29b9554ca7d66,0,converted
24,paper-mte-2025-26,3,3,/home/liebert511/PS/S&P_MTE_Sem-3_2025-2026.pdf,760fa24a41c8b16fe9a55593f051a3f611c6e1aeb26b5e5a770f61017672758c,"batch 2, 15 Sep 2026",ok,glm-5.3-flash,md/paper-mte-2025-26/p003.md,true,188,false,4708,d94fe57fdfaa1e5a4d0a0b0fc738f218c1bd7ff6502bd54ce524c2203a69563c,0,converted
25,paper-mte-2025-26-scheme,1,4,/home/liebert511/PS/S&P_MTE_Sem-3_2025-2026solutionscheme.pdf,77b94b73e28fa0f5f2e4f0b7374da31c702b6841025ec8020c16d0d97785a0b7,"batch 2, 15 Sep 2026",ok,glm-5.3-flash,md/paper-mte-2025-26-scheme/p001.md,true,1177,false,2386,6ef2d6b4428e3c9ed8d4b405ff97842d0cbf587f249128ad215eb7e092107736,0,converted
25,paper-mte-2025-26-scheme,2,4,/home/liebert511/PS/S&P_MTE_Sem-3_2025-2026solutionscheme.pdf,77b94b73e28fa0f5f2e4f0b7374da31c702b6841025ec8020c16d0d97785a0b7,"batch 2, 15 Sep 2026",ok,glm-5.3-flash,md/paper-mte-2025-26-scheme/p002.md,true,1314,false,2386,6ef2d6b4428e3c9ed8d4b405ff97842d0cbf587f249128ad215eb7e092107736,0,converted
25,paper-mte-2025-26-scheme,3,4,/home/liebert511/PS/S&P_MTE_Sem-3_2025-2026solutionscheme.pdf,77b94b73e28fa0f5f2e4f0b7374da31c702b6841025ec8020c16d0d97785a0b7,"batch 2, 15 Sep 2026",ok,glm-5.3-flash,md/paper-mte-2025-26-scheme/p003.md,true,1259,false,2386,6ef2d6b4428e3c9ed8d4b405ff97842d0cbf587f249128ad215eb7e092107736,0,converted
25,paper-mte-2025-26-scheme,4,4,/home/liebert511/PS/S&P_MTE_Sem-3_2025-2026solutionscheme.pdf,77b94b73e28fa0f5f2e4f0b7374da31c702b6841025ec8020c16d0d97785a0b7,"batch 2, 15 Sep 2026",ok,glm-5.3-flash,md/paper-mte-2025-26-scheme/p004.md,true,383,false,2386,6ef2d6b4428e3c9ed8d4b405ff97842d0cbf587f249128ad215eb7e092107736,0,converted
26,paper-mte-2024-25,1,2,/home/liebert511/PS/S&P_MTE_Sem-3_2024-2025.pdf,544564c54b88ecb6dc29e84badd6894784aab4c7e862e9069ae38eb7c7cd5bdd,"batch 2, 15 Sep 2026",ok,glm-5.3-flash,md/paper-mte-2024-25/p001.md,true,1970,false,6756,2c8ef20028b0aff5fc141ccc966907e65d887c0451872c89917f3e75f6f5b4eb,0,converted
26,paper-mte-2024-25,2,2,/home/liebert511/PS/S&P_MTE_Sem-3_2024-2025.pdf,544564c54b88ecb6dc29e84badd6894784aab4c7e862e9069ae38eb7c7cd5bdd,"batch 2, 15 Sep 2026",ok,glm-5.3-flash,md/paper-mte-2024-25/p002.md,true,1377,false,5569,a8733b50e6d80423195da2041cf3cb26001580bbbbae25b449f171655a1221a6,0,converted
27,paper-mte-2024-25-scheme,1,6,/home/liebert511/PS/S&P_MTE_Sem-3_2024-2025solutions-scheme-how-marks-were-given.pdf,7d4323bc7f6b7b7d7f0460c59cd77170b251416e77249cf0ba712ced74c84859,"batch 2, 15 Sep 2026",ok,glm-5.3-flash,md/paper-mte-2024-25-scheme/p001.md,true,857,false,2386,96bb6c82248e4f96a5a9411d8542b4220136b90b4cff91248d1d73fac8dda819,0,converted
27,paper-mte-2024-25-scheme,2,6,/home/liebert511/PS/S&P_MTE_Sem-3_2024-2025solutions-scheme-how-marks-were-given.pdf,7d4323bc7f6b7b7d7f0460c59cd77170b251416e77249cf0ba712ced74c84859,"batch 2, 15 Sep 2026",ok,glm-5.3-flash,md/paper-mte-2024-25-scheme/p002.md,true,1009,false,2386,96bb6c82248e4f96a5a9411d8542b4220136b90b4cff91248d1d73fac8dda819,0,converted
27,paper-mte-2024-25-scheme,3,6,/home/liebert511/PS/S&P_MTE_Sem-3_2024-2025solutions-scheme-how-marks-were-given.pdf,7d4323bc7f6b7b7d7f0460c59cd77170b251416e77249cf0ba712ced74c84859,"batch 2, 15 Sep 2026",ok,glm-5.3-flash,md/paper-mte-2024-25-scheme/p003.md,true,700,false,2386,96bb6c82248e4f96a5a9411d8542b4220136b90b4cff91248d1d73fac8dda819,0,converted
27,paper-mte-2024-25-scheme,4,6,/home/liebert511/PS/S&P_MTE_Sem-3_2024-2025solutions-scheme-how-marks-were-given.pdf,7d4323bc7f6b7b7d7f0460c59cd77170b251416e77249cf0ba712ced74c84859,"batch 2, 15 Sep 2026",ok,glm-5.3-flash,md/paper-mte-2024-25-scheme/p004.md,true,917,false,2386,96bb6c82248e4f96a5a9411d8542b4220136b90b4cff91248d1d73fac8dda819,0,converted
27,paper-mte-2024-25-scheme,5,6,/home/liebert511/PS/S&P_MTE_Sem-3_2024-2025solutions-scheme-how-marks-were-given.pdf,7d4323bc7f6b7b7d7f0460c59cd77170b251416e77249cf0ba712ced74c84859,"batch 2, 15 Sep 2026",ok,glm-5.3-flash,md/paper-mte-2024-25-scheme/p005.md,true,1100,false,2386,96bb6c82248e4f96a5a9411d8542b4220136b90b4cff91248d1d73fac8dda819,0,converted
27,paper-mte-2024-25-scheme,6,6,/home/liebert511/PS/S&P_MTE_Sem-3_2024-2025solutions-scheme-how-marks-were-given.pdf,7d4323bc7f6b7b7d7f0460c59cd77170b251416e77249cf0ba712ced74c84859,"batch 2, 15 Sep 2026",ok,glm-5.3-flash,md/paper-mte-2024-25-scheme/p006.md,true,832,false,2386,96bb6c82248e4f96a5a9411d8542b4220136b90b4cff91248d1d73fac8dda819,0,converted
28,paper-ete-s3-2024-25,1,2,/home/liebert511/PS/S&P_ETE_Sem-3_2024-25.pdf,f3649402143bd376cbf1716ba37ee9e20eab462ef144479bf2ec070d9d4e97c1,"batch 2, 15 Sep 2026",ok,gpt-5.6-luna,md/paper-ete-s3-2024-25/p001.md,true,2434,false,7184,3a53a0356767bfa81fa0167ff0b539ef7b901756910ccb090d3a82779541d4a8,0,converted
28,paper-ete-s3-2024-25,2,2,/home/liebert511/PS/S&P_ETE_Sem-3_2024-25.pdf,f3649402143bd376cbf1716ba37ee9e20eab462ef144479bf2ec070d9d4e97c1,"batch 2, 15 Sep 2026",ok,gpt-5.6-luna,md/paper-ete-s3-2024-25/p002.md,true,2764,false,7217,3c6d1bc94f15b0d32995b81c224ac635537eba9c832a9fc80479b5e7f1f926ca,0,converted
29,paper-ete-s3-2025-26,1,2,/home/liebert511/PS/S&P_ETE_Sem-3_2025-26.pdf,e9dce446c372b68a2d93e89e83aef7e255b9b53d3079855efc733358b79753a6,"batch 2, 15 Sep 2026",ok,gpt-5.6-luna,md/paper-ete-s3-2025-26/p001.md,true,2393,false,7172,0e9556382aa5d05c4ff0aaf48f02be541fc235ee00048018496020f3282e048a,0,converted
29,paper-ete-s3-2025-26,2,2,/home/liebert511/PS/S&P_ETE_Sem-3_2025-26.pdf,e9dce446c372b68a2d93e89e83aef7e255b9b53d3079855efc733358b79753a6,"batch 2, 15 Sep 2026",ok,gpt-5.6-luna,md/paper-ete-s3-2025-26/p002.md,true,2308,false,6783,2e7eb79c018f004162d0c39316eabc718eac2fd290ab6b88bf711365a0aebda5,1,converted
30,paper-ete-s4-2024-25,1,2,/home/liebert511/PS/S&P_ETE_Sem-4_2024-25.pdf,445b80e2f279bbac13d76489c6e5823027f5b73be7a9504fdc3ad3dce7bc923d,"batch 2, 15 Sep 2026",ok,gpt-5.6-luna,md/paper-ete-s4-2024-25/p001.md,true,2079,false,6866,268c5c3f676be5cc2ce8033d503d3d202c83019436e11c689b50f5f07b127e50,0,converted
30,paper-ete-s4-2024-25,2,2,/home/liebert511/PS/S&P_ETE_Sem-4_2024-25.pdf,445b80e2f279bbac13d76489c6e5823027f5b73be7a9504fdc3ad3dce7bc923d,"batch 2, 15 Sep 2026",ok,gpt-5.6-luna,md/paper-ete-s4-2024-25/p002.md,true,2363,false,7029,2a3366944aa65726ccb505b3f0681e510c89ffda433cb2777bfb259552f2e850,0,converted
31,paper-ete-s4-2025-26,1,3,/home/liebert511/PS/S&P_ETE_Sem-4_2025-26_mujstella.pdf,81d1261f02b3b611e1c554431df9e06cc503857eb49e16cacf8ac7437e60c7e6,"batch 2, 15 Sep 2026",ok,gpt-5.6-luna,md/paper-ete-s4-2025-26/p001.md,true,2458,false,3780,0e6b3408ed20de663a47aaba024459c72588c986308d2796ad8a79ce0cf76c55,1,converted
31,paper-ete-s4-2025-26,2,3,/home/liebert511/PS/S&P_ETE_Sem-4_2025-26_mujstella.pdf,81d1261f02b3b611e1c554431df9e06cc503857eb49e16cacf8ac7437e60c7e6,"batch 2, 15 Sep 2026",ok,gpt-5.6-luna,md/paper-ete-s4-2025-26/p002.md,true,2842,false,4503,29026eb576adb8e856fad3ae24b015b425c4bfe1f3c70dff716f2ea03e0c5a8c,0,converted
31,paper-ete-s4-2025-26,3,3,/home/liebert511/PS/S&P_ETE_Sem-4_2025-26_mujstella.pdf,81d1261f02b3b611e1c554431df9e06cc503857eb49e16cacf8ac7437e60c7e6,"batch 2, 15 Sep 2026",ok,gpt-5.6-luna,md/paper-ete-s4-2025-26/p003.md,true,572,false,1554,527716469585c2647b38f8d0e18922e8cabd847e0c20ede365a58e14e151e777,0,converted
32,paper-ete-summer-2025-26,1,2,/home/liebert511/PS/S&P_ETE_Summer_2025-26_mujstella.pdf,f3d55699900c97ec389c19b0ee2ad06f0bb75f1477c4d5219398163833b9f0a1,"batch 2, 15 Sep 2026",ok,gpt-5.6-luna,md/paper-ete-summer-2025-26/p001.md,true,3279,false,4389,82253a6e4c5a8b2abe320ca9c53dc4d7724610e6bd9c2b6e1a17dbb820fe43de,12,converted
32,paper-ete-summer-2025-26,2,2,/home/liebert511/PS/S&P_ETE_Summer_2025-26_mujstella.pdf,f3d55699900c97ec389c19b0ee2ad06f0bb75f1477c4d5219398163833b9f0a1,"batch 2, 15 Sep 2026",ok,gpt-5.6-luna,md/paper-ete-summer-2025-26/p002.md,true,2409,false,3723,5eb1e7f49139c324544bd5e1f411f8ff63078eab7d756c835a00a3c6ec78cb5b,6,converted
33,paper-resess-s3-2025-26,1,2,/home/liebert511/PS/S&P_Re-sess_Sem-3_2025-26.pdf,48b1790c9617bda3adae5780f7ddb9f2e7d6e75df44fa076d6c36dd498a6314c,"batch 2, 15 Sep 2026",ok,gpt-5.6-luna,md/paper-resess-s3-2025-26/p001.md,true,2453,false,7441,c10fec7e2395a5d41c48aeb52da92218e9ea3dfe64506c11c41cc6fd2e73811d,0,converted
33,paper-resess-s3-2025-26,2,2,/home/liebert511/PS/S&P_Re-sess_Sem-3_2025-26.pdf,48b1790c9617bda3adae5780f7ddb9f2e7d6e75df44fa076d6c36dd498a6314c,"batch 2, 15 Sep 2026",ok,gpt-5.6-luna,md/paper-resess-s3-2025-26/p002.md,true,1690,false,4761,3d803eb2b007191a0241af74e50be1058d749d2e011165d0f98deff1f4cc7f2f,0,converted
34,paper-resess-s4-2025-26,1,2,/home/liebert511/PS/S&P_Re-sess_Sem-4_2025-26_mujstella.pdf,5647c90a0fa701c5e05beff814b77a8027bf8963949c707727e65cff1acf0228,"batch 2, 15 Sep 2026",ok,gpt-5.6-luna,md/paper-resess-s4-2025-26/p001.md,true,3130,false,4581,2c4eb80f1a8d37573eb0f8d48b67d486c82661cca0712b49663fda59324ffb61,0,converted
34,paper-resess-s4-2025-26,2,2,/home/liebert511/PS/S&P_Re-sess_Sem-4_2025-26_mujstella.pdf,5647c90a0fa701c5e05beff814b77a8027bf8963949c707727e65cff1acf0228,"batch 2, 15 Sep 2026",ok,gpt-5.6-luna,md/paper-resess-s4-2025-26/p002.md,true,183,false,538,89ae99159f43354ff6cf03eca477416bf7d79942dbb7d18b60d4b8504b5ff6be,0,converted
35,asgn-copy-2025-26,1,4,/home/liebert511/PS/Assignment 2_MAS2001-2.pdf,5ff197311b6037e1211ccbf2540c02d9340f52ccc3e94bc9c5484d3a2befb18f,"byte-identical copy of batch-1 assignment 2, kept for provenance",,,md/asgn-copy-2025-26/p001.md,false,0,false,1514,b0dfdd2cd8f0359eaeac7555616e4fc8697847ee73721fafa299f7df939eb900,6,pending
35,asgn-copy-2025-26,2,4,/home/liebert511/PS/Assignment 2_MAS2001-2.pdf,5ff197311b6037e1211ccbf2540c02d9340f52ccc3e94bc9c5484d3a2befb18f,"byte-identical copy of batch-1 assignment 2, kept for provenance",,,md/asgn-copy-2025-26/p002.md,false,0,false,1567,03aff016d0ba4b1341f8deb9580599ca0aeb945e7090596c626b045b3518c8ef,6,pending
35,asgn-copy-2025-26,3,4,/home/liebert511/PS/Assignment 2_MAS2001-2.pdf,5ff197311b6037e1211ccbf2540c02d9340f52ccc3e94bc9c5484d3a2befb18f,"byte-identical copy of batch-1 assignment 2, kept for provenance",,,md/asgn-copy-2025-26/p003.md,false,0,false,3019,f14d61c8f8244a685d004544326c668467c7d0f158ade284dbc3d145455f34e9,10,pending
35,asgn-copy-2025-26,4,4,/home/liebert511/PS/Assignment 2_MAS2001-2.pdf,5ff197311b6037e1211ccbf2540c02d9340f52ccc3e94bc9c5484d3a2befb18f,"byte-identical copy of batch-1 assignment 2, kept for provenance",,,md/asgn-copy-2025-26/p004.md,false,0,false,1761,1fbe972a28817bdab25eee9ef61aea98dd8ee96afe4c837ced7d3f81c489d325,6,pending
36,asgn-faculty-variant,1,6,/home/liebert511/PS/MAS2001-Assignment 1 .pdf,99112d3be6bc0737064e3506dc92a72995f76e4033fe6debff1702e05b614e63,"assignment 1 faculty variant, same questions different faculty name",,,md/asgn-faculty-variant/p001.md,false,0,false,2986,bf4988ad4dadf029f20671eed002ecbc15a7adc837f01ed06dd0cab23a6a145a,0,pending
36,asgn-faculty-variant,2,6,/home/liebert511/PS/MAS2001-Assignment 1 .pdf,99112d3be6bc0737064e3506dc92a72995f76e4033fe6debff1702e05b614e63,"assignment 1 faculty variant, same questions different faculty name",,,md/asgn-faculty-variant/p002.md,false,0,false,4627,d1907fe2d4fbedaa7bc927b5265b40801cd022487136e0880106a91099351d25,0,pending
36,asgn-faculty-variant,3,6,/home/liebert511/PS/MAS2001-Assignment 1 .pdf,99112d3be6bc0737064e3506dc92a72995f76e4033fe6debff1702e05b614e63,"assignment 1 faculty variant, same questions different faculty name",,,md/asgn-faculty-variant/p003.md,false,0,false,3395,608a0c1d5f22dbb0450ed4fabe581b771bcaa5c04e429ab306ce5f0a073d201f,0,pending
36,asgn-faculty-variant,4,6,/home/liebert511/PS/MAS2001-Assignment 1 .pdf,99112d3be6bc0737064e3506dc92a72995f76e4033fe6debff1702e05b614e63,"assignment 1 faculty variant, same questions different faculty name",,,md/asgn-faculty-variant/p004.md,false,0,false,4201,938de81489ab366fd054b60aa2b86d15e42d621cea70895050c9027364e064fd,0,pending
36,asgn-faculty-variant,5,6,/home/liebert511/PS/MAS2001-Assignment 1 .pdf,99112d3be6bc0737064e3506dc92a72995f76e4033fe6debff1702e05b614e63,"assignment 1 faculty variant, same questions different faculty name",,,md/asgn-faculty-variant/p005.md,false,0,false,2137,2447efdc0599b41cc68aeab52b26bc8b26e83b7e27320ca470fb7afc72d54e1b,0,pending
36,asgn-faculty-variant,6,6,/home/liebert511/PS/MAS2001-Assignment 1 .pdf,99112d3be6bc0737064e3506dc92a72995f76e4033fe6debff1702e05b614e63,"assignment 1 faculty variant, same questions different faculty name",,,md/asgn-faculty-variant/p006.md,false,0,false,1500,7719d2d5f1e646d2338b4e072dea24c22a10d423051f9908d1274322e657f794,0,pending
